Model,Mode,Step,Accuracy,Wall time
Baseline_CNN,train,0,38.06399917602539,1738281610.0115075
Baseline_CNN,train,1,47.88199996948242,1738281622.1191754
Baseline_CNN,train,2,54.03200149536133,1738281634.2665868
Baseline_CNN,train,3,58.80400085449219,1738281646.0344372
Baseline_CNN,train,4,62.26800155639648,1738281658.0747974
Baseline_CNN,train,5,64.947998046875,1738281670.1651251
Baseline_CNN,train,6,67.09200286865234,1738281682.204853
Baseline_CNN,train,7,69.14199829101562,1738281694.420393
Baseline_CNN,train,8,71.10800170898438,1738281706.4553075
Baseline_CNN,train,9,72.447998046875,1738281718.50587
Baseline_CNN,train,10,73.87200164794922,1738281730.1828976
Baseline_CNN,train,11,74.91000366210938,1738281742.20091
Baseline_CNN,train,12,76.26599884033203,1738281754.448424
Baseline_CNN,train,13,77.51000213623047,1738281766.5421958
Baseline_CNN,train,14,78.13200378417969,1738281778.6588244
Baseline_CNN,train,15,78.87200164794922,1738281790.844153
Baseline_CNN,train,16,79.60800170898438,1738281802.775774
Baseline_CNN,train,17,80.0979995727539,1738281814.809575
Baseline_CNN,train,18,80.86399841308594,1738281826.9807303
Baseline_CNN,train,19,81.25199890136719,1738281839.2972217
Baseline_CNN,train,20,81.99400329589844,1738281851.575161
Baseline_CNN,train,21,82.33200073242188,1738281864.2814271
Baseline_CNN,train,22,82.77200317382812,1738281878.6185827
Baseline_CNN,train,23,83.05999755859375,1738281890.987011
Baseline_CNN,train,24,83.38200378417969,1738281905.1200783
Baseline_CNN,train,25,83.69599914550781,1738281917.2664738
Baseline_CNN,train,26,84.24800109863281,1738281929.4455032
Baseline_CNN,train,27,84.73600006103516,1738281941.5618565
Baseline_CNN,train,28,84.80999755859375,1738281953.768577
Baseline_CNN,train,29,85.14600372314453,1738281965.5216527
Baseline_CNN,train,30,85.31800079345703,1738281977.9570348
Baseline_CNN,train,31,85.71800231933594,1738281990.6823978
Baseline_CNN,train,32,85.96199798583984,1738282003.4076118
Baseline_CNN,train,33,86.3280029296875,1738282016.0723543
Baseline_CNN,train,34,86.46199798583984,1738282028.3036408
Baseline_CNN,train,35,86.29199981689453,1738282040.2856407
Baseline_CNN,train,36,86.69000244140625,1738282052.4967694
Baseline_CNN,train,37,87.41799926757812,1738282065.0402048
Baseline_CNN,train,38,87.16600036621094,1738282077.7851038
Baseline_CNN,train,39,87.29399871826172,1738282090.044459
Baseline_CNN,train,40,87.66799926757812,1738282102.1148863
Baseline_CNN,train,41,87.62200164794922,1738282114.6722083
Baseline_CNN,train,42,87.87200164794922,1738282126.9899476
Baseline_CNN,train,43,88.10600280761719,1738282139.220514
Baseline_CNN,train,44,88.4800033569336,1738282151.755989
Baseline_CNN,train,45,88.46399688720703,1738282164.358158
Baseline_CNN,train,46,88.47000122070312,1738282176.8044355
Baseline_CNN,train,47,88.56199645996094,1738282189.3613164
Baseline_CNN,train,48,89.11000061035156,1738282201.3097312
Baseline_CNN,train,49,89.01200103759766,1738282213.9980974
Baseline_CNN,train,50,89.0479965209961,1738282226.928438
Baseline_CNN,train,51,89.39800262451172,1738282239.8887544
Baseline_CNN,train,52,89.46800231933594,1738282252.4643862
Baseline_CNN,train,53,89.5719985961914,1738282264.8201113
Baseline_CNN,train,54,89.85600280761719,1738282276.982273
Baseline_CNN,train,55,89.97200012207031,1738282289.6348338
Baseline_CNN,train,56,90.08000183105467,1738282302.0538723
Baseline_CNN,train,57,90.1060028076172,1738282314.8263009
Baseline_CNN,train,58,90.11000061035156,1738282327.617442
Baseline_CNN,train,59,90.31999969482422,1738282340.4763546
Baseline_CNN,train,60,90.58799743652344,1738282352.5961072
Baseline_CNN,train,61,90.46800231933594,1738282365.0344942
Baseline_CNN,train,62,90.73799896240234,1738282377.866663
Baseline_CNN,train,63,90.98999786376952,1738282390.6215458
Baseline_CNN,train,64,90.93399810791016,1738282403.1791644
Baseline_CNN,train,65,90.90599822998048,1738282415.8037136
Baseline_CNN,train,66,91.26799774169922,1738282428.4412146
Baseline_CNN,train,67,91.0979995727539,1738282440.879839
Baseline_CNN,train,68,91.35800170898438,1738282453.5709112
Baseline_CNN,train,69,91.39199829101562,1738282466.5885568
Baseline_CNN,train,70,91.45999908447266,1738282479.42406
Baseline_CNN,train,71,91.6959991455078,1738282492.357689
Baseline_CNN,train,72,91.61799621582033,1738282505.1257317
Baseline_CNN,train,73,91.6259994506836,1738282517.25716
Baseline_CNN,train,74,91.79199981689452,1738282530.0410178
Baseline_CNN,train,75,91.91999816894533,1738282542.4610696
Baseline_CNN,train,76,92.08200073242188,1738282555.2483225
Baseline_CNN,train,77,92.197998046875,1738282567.8563826
Baseline_CNN,train,78,92.3560028076172,1738282580.4764342
Baseline_CNN,train,79,92.31400299072266,1738282593.0084052
Baseline_CNN,train,80,92.4739990234375,1738282606.1310632
Baseline_CNN,train,81,92.43000030517578,1738282618.838967
Baseline_CNN,train,82,92.5459976196289,1738282631.7083914
Baseline_CNN,train,83,92.7979965209961,1738282643.9835577
Baseline_CNN,train,84,92.71800231933594,1738282656.5707486
Baseline_CNN,train,85,93.02999877929688,1738282668.4916267
Baseline_CNN,train,86,92.8280029296875,1738282681.189983
Baseline_CNN,train,87,93.03800201416016,1738282694.1764238
Baseline_CNN,train,88,93.28199768066406,1738282707.7690516
Baseline_CNN,train,89,93.18599700927734,1738282720.540202
Baseline_CNN,train,90,93.37200164794922,1738282732.883324
Baseline_CNN,train,91,93.39600372314452,1738282744.5933018
Baseline_CNN,train,92,93.51599884033205,1738282757.012689
Baseline_CNN,train,93,93.66999816894533,1738282769.1489224
Baseline_CNN,train,94,93.57599639892578,1738282781.3149562
Baseline_CNN,train,95,93.77400207519533,1738282793.902339
Baseline_CNN,train,96,93.83599853515624,1738282806.387472
Baseline_CNN,train,97,93.88800048828124,1738282818.5383008
Baseline_CNN,train,98,93.96199798583984,1738282830.981942
Baseline_CNN,train,99,94.14600372314452,1738282843.110673
Baseline_CNN,train,100,94.16799926757812,1738282855.3328547
Baseline_CNN,train,101,94.37999725341795,1738282867.4516833
Baseline_CNN,train,102,94.36399841308594,1738282879.642994
Baseline_CNN,train,103,94.48200225830078,1738282891.7613857
Baseline_CNN,train,104,94.56600189208984,1738282903.5077033
Baseline_CNN,train,105,94.69400024414062,1738282915.7270713
Baseline_CNN,train,106,94.6999969482422,1738282927.838482
Baseline_CNN,train,107,94.8239974975586,1738282939.935502
Baseline_CNN,train,108,94.8040008544922,1738282952.1172664
Baseline_CNN,train,109,94.94400024414062,1738282964.2373197
Baseline_CNN,train,110,95.06800079345705,1738282976.3709142
Baseline_CNN,train,111,95.0500030517578,1738282988.22409
Baseline_CNN,train,112,95.15799713134766,1738283000.366541
Baseline_CNN,train,113,95.29199981689452,1738283012.6220164
Baseline_CNN,train,114,95.34600067138672,1738283024.852579
Baseline_CNN,train,115,95.4459991455078,1738283037.0156045
Baseline_CNN,train,116,95.25800323486328,1738283049.206229
Baseline_CNN,train,117,95.66799926757812,1738283060.97223
Baseline_CNN,train,118,95.62000274658205,1738283073.091464
Baseline_CNN,train,119,95.63600158691406,1738283085.1632943
Baseline_CNN,train,120,95.86000061035156,1738283097.348776
Baseline_CNN,train,121,95.84600067138672,1738283109.527776
Baseline_CNN,train,122,96.06400299072266,1738283121.7186582
Baseline_CNN,train,123,96.11399841308594,1738283134.0091712
Baseline_CNN,train,124,96.06800079345705,1738283153.723621
Baseline_CNN,train,125,96.23400115966795,1738283165.8055122
Baseline_CNN,train,126,96.21600341796876,1738283177.860738
Baseline_CNN,train,127,96.18399810791016,1738283190.1911595
Baseline_CNN,train,128,96.39600372314452,1738283202.6461911
Baseline_CNN,train,129,96.45999908447266,1738283214.971562
Baseline_CNN,train,130,96.5459976196289,1738283226.963411
Baseline_CNN,train,131,96.68599700927734,1738283238.889305
Baseline_CNN,train,132,96.73600006103516,1738283250.9379704
Baseline_CNN,train,133,96.6060028076172,1738283263.2902544
Baseline_CNN,train,134,96.76200103759766,1738283275.481449
Baseline_CNN,train,135,96.96399688720705,1738283287.6111076
Baseline_CNN,train,136,96.96199798583984,1738283299.567018
Baseline_CNN,train,137,96.9459991455078,1738283311.201542
Baseline_CNN,train,138,96.9520034790039,1738283323.3082125
Baseline_CNN,train,139,96.94000244140624,1738283335.390293
Baseline_CNN,train,140,97.24600219726562,1738283347.507263
Baseline_CNN,train,141,97.19000244140624,1738283359.869283
Baseline_CNN,train,142,97.1500015258789,1738283372.2642725
Baseline_CNN,train,143,97.4520034790039,1738283384.4711475
Baseline_CNN,train,144,97.43199920654295,1738283396.61604
Baseline_CNN,train,145,97.50399780273438,1738283408.9408782
Baseline_CNN,train,146,97.5019989013672,1738283421.6732275
Baseline_CNN,train,147,97.5719985961914,1738283434.1806314
Baseline_CNN,train,148,97.66000366210938,1738283446.3550634
Baseline_CNN,train,149,97.63600158691406,1738283458.3462496
Baseline_CNN,train,150,97.6719970703125,1738283469.9671648
Baseline_CNN,train,151,97.77799987792967,1738283481.9552538
Baseline_CNN,train,152,97.9219970703125,1738283493.98626
Baseline_CNN,train,153,97.81400299072266,1738283506.128321
Baseline_CNN,train,154,97.91600036621094,1738283518.1282032
Baseline_CNN,train,155,97.92400360107422,1738283530.125751
Baseline_CNN,train,156,98.06600189208984,1738283541.94838
Baseline_CNN,train,157,98.0979995727539,1738283553.729216
Baseline_CNN,train,158,98.01799774169922,1738283565.7340634
Baseline_CNN,train,159,98.25800323486328,1738283577.9795568
Baseline_CNN,train,160,98.16999816894533,1738283590.0247338
Baseline_CNN,train,161,98.2239990234375,1738283601.9540143
Baseline_CNN,train,162,98.29000091552734,1738283613.888981
Baseline_CNN,train,163,98.33399963378906,1738283625.3974988
Baseline_CNN,train,164,98.28600311279295,1738283637.3564785
Baseline_CNN,train,165,98.36399841308594,1738283649.248995
Baseline_CNN,train,166,98.34400177001952,1738283661.152779
Baseline_CNN,train,167,98.50399780273438,1738283673.163561
Baseline_CNN,train,168,98.38400268554688,1738283685.12229
Baseline_CNN,train,169,98.56199645996094,1738283697.0279286
Baseline_CNN,train,170,98.58200073242188,1738283708.490892
Baseline_CNN,train,171,98.5,1738283720.4037342
Baseline_CNN,train,172,98.68800354003906,1738283732.2582371
Baseline_CNN,train,173,98.56600189208984,1738283744.1279469
Baseline_CNN,train,174,98.68800354003906,1738283756.0436049
Baseline_CNN,train,175,98.6439971923828,1738283767.9404202
Baseline_CNN,train,176,98.6500015258789,1738283779.8422334
Baseline_CNN,train,177,98.60199737548828,1738283791.4211614
Baseline_CNN,train,178,98.6999969482422,1738283803.30943
Baseline_CNN,train,179,98.72000122070312,1738283815.203535
Baseline_CNN,train,180,98.7760009765625,1738283827.0823565
Baseline_CNN,train,181,98.74400329589844,1738283838.9222808
Baseline_CNN,train,182,98.77999877929688,1738283850.8376138
Baseline_CNN,train,183,98.6959991455078,1738283862.54375
Baseline_CNN,train,184,98.76000213623048,1738283874.200287
Baseline_CNN,train,185,98.8000030517578,1738283886.077589
Baseline_CNN,train,186,98.75399780273438,1738283897.9906766
Baseline_CNN,train,187,98.83000183105467,1738283909.88704
Baseline_CNN,train,188,98.8759994506836,1738283921.843444
Baseline_CNN,train,189,98.8280029296875,1738283933.760368
Baseline_CNN,train,190,98.79000091552734,1738283945.443242
Baseline_CNN,train,191,98.87799835205078,1738283957.2662065
Baseline_CNN,train,192,98.90599822998048,1738283969.1503322
Baseline_CNN,train,193,98.8759994506836,1738283981.0680735
Baseline_CNN,train,194,98.8939971923828,1738283992.9654534
Baseline_CNN,train,195,98.87999725341795,1738284004.8703158
Baseline_CNN,train,196,98.89600372314452,1738284016.760519
Baseline_CNN,train,197,98.89800262451172,1738284028.2733223
Baseline_CNN,train,198,98.7959976196289,1738284040.1483138
Baseline_CNN,train,199,98.9020004272461,1738284052.0328329
Baseline_ViT,train,0,36.27000045776367,1739094375.121589
Baseline_ViT,train,1,48.3759994506836,1739094465.2959132
Baseline_ViT,train,2,52.060001373291016,1739094555.4012673
Baseline_ViT,train,3,54.34199905395508,1739094645.89738
Baseline_ViT,train,4,54.4739990234375,1739094736.5605912
Baseline_ViT,train,5,54.85200119018555,1739094827.351365
Baseline_ViT,train,6,54.09600067138672,1739094918.192309
Baseline_ViT,train,7,52.91999816894531,1739095009.4369557
Baseline_ViT,train,8,52.20800018310547,1739095100.4553788
Baseline_ViT,train,9,50.27199935913086,1739095191.6306517
Baseline_ViT,train,10,52.34199905395508,1739095283.0621386
Baseline_ViT,train,11,54.28400039672852,1739095374.6249316
Baseline_ViT,train,12,57.12200164794922,1739095466.2892375
Baseline_ViT,train,13,59.7760009765625,1739095558.5261369
Baseline_ViT,train,14,62.1879997253418,1739095650.7185063
Baseline_ViT,train,15,63.7599983215332,1739095743.005919
Baseline_ViT,train,16,65.55400085449219,1739095835.850019
Baseline_ViT,train,17,67.20999908447266,1739095929.551054
Baseline_ViT,train,18,68.86000061035156,1739096024.09648
Baseline_ViT,train,19,69.93199920654297,1739096119.2089448
Baseline_ViT,train,20,70.88400268554688,1739096213.9861443
Baseline_ViT,train,21,71.73799896240234,1739096309.433245
Baseline_ViT,train,22,72.83200073242188,1739096405.44818
Baseline_ViT,train,23,73.65599822998047,1739096501.4719594
Baseline_ViT,train,24,74.19200134277344,1739096597.8646705
Baseline_ViT,train,25,75.0260009765625,1739096694.312477
Baseline_ViT,train,26,75.62799835205078,1739096789.942742
Baseline_ViT,train,27,76.28199768066406,1739096885.5250802
Baseline_ViT,train,28,76.77999877929688,1739096981.4968617
Baseline_ViT,train,29,77.56199645996094,1739097077.58362
Baseline_ViT,train,30,77.77200317382812,1739097173.1972232
Baseline_ViT,train,31,78.39199829101562,1739097268.366653
Baseline_ViT,train,32,78.78800201416016,1739097363.8085868
Baseline_ViT,train,33,79.29000091552734,1739097459.497
Baseline_ViT,train,34,79.84600067138672,1739097555.3937547
Baseline_ViT,train,35,80.18000030517578,1739097652.4869385
Baseline_ViT,train,36,80.43800354003906,1739097750.5659416
Baseline_ViT,train,37,81.02400207519531,1739097848.1245682
Baseline_ViT,train,38,81.12799835205078,1739097943.4935255
Baseline_ViT,train,39,81.7699966430664,1739098039.0795648
Baseline_ViT,train,40,82.1520004272461,1739098135.3016438
Baseline_ViT,train,41,82.4260025024414,1739098231.5316737
Baseline_ViT,train,42,82.56999969482422,1739098327.0587108
Baseline_ViT,train,43,83.197998046875,1739098422.3770568
Baseline_ViT,train,44,83.25,1739098518.923192
Baseline_ViT,train,45,83.63200378417969,1739098614.5959675
Baseline_ViT,train,46,84.05400085449219,1739098710.5828595
Baseline_ViT,train,47,84.09600067138672,1739098805.911091
Baseline_ViT,train,48,84.3740005493164,1739098901.0781407
Baseline_ViT,train,49,84.67400360107422,1739098995.6547456
Baseline_ViT,train,50,84.91999816894531,1739099089.6895678
Baseline_ViT,train,51,85.36199951171875,1739099180.8216836
Baseline_ViT,train,52,85.75199890136719,1739099271.4651022
Baseline_ViT,train,53,85.89600372314453,1739099363.041736
Baseline_ViT,train,54,86.03199768066406,1739099455.4944315
Baseline_ViT,train,55,86.30000305175781,1739099548.8222456
Baseline_ViT,train,56,86.65399932861328,1739099642.8439622
Baseline_ViT,train,57,86.8759994506836,1739099734.010908
Baseline_ViT,train,58,87.05799865722656,1739099825.18037
Baseline_ViT,train,59,87.24199676513672,1739099917.323763
Baseline_ViT,train,60,87.44999694824219,1739100009.3733385
Baseline_ViT,train,61,87.79000091552734,1739100101.2176616
Baseline_ViT,train,62,87.86799621582031,1739100193.244726
Baseline_ViT,train,63,88.21399688720703,1739100284.844365
Baseline_ViT,train,64,88.2699966430664,1739100376.4032578
Baseline_ViT,train,65,88.45999908447266,1739100467.5336075
Baseline_ViT,train,66,88.58200073242188,1739100558.3416584
Baseline_ViT,train,67,88.9800033569336,1739100649.497267
Baseline_ViT,train,68,89.08599853515625,1739100740.7620106
Baseline_ViT,train,69,89.2959976196289,1739100833.0573297
Baseline_ViT,train,70,89.68599700927734,1739100927.5897944
Baseline_ViT,train,71,89.8479995727539,1739101022.173337
Baseline_ViT,train,72,89.72200012207031,1739101115.8541446
Baseline_ViT,train,73,90.20999908447266,1739101210.6920378
Baseline_ViT,train,74,90.4499969482422,1739101306.2910228
Baseline_ViT,train,75,90.62200164794922,1739101401.6790235
Baseline_ViT,train,76,90.6780014038086,1739101499.956972
Baseline_ViT,train,77,90.947998046875,1739101596.553561
Baseline_ViT,train,78,90.89199829101562,1739101695.8427684
Baseline_ViT,train,79,91.12200164794922,1739101788.8648818
Baseline_ViT,train,80,91.4260025024414,1739101882.861665
Baseline_ViT,train,81,91.5979995727539,1739101976.603578
Baseline_ViT,train,82,91.64800262451172,1739102071.3903005
Baseline_ViT,train,83,91.79399871826172,1739102164.9697473
Baseline_ViT,train,84,92.0019989013672,1739102256.2911525
Baseline_ViT,train,85,92.01599884033205,1739102347.6631107
Baseline_ViT,train,86,92.30999755859376,1739102439.7475104
Baseline_ViT,train,87,92.56400299072266,1739102532.1341245
Baseline_ViT,train,88,92.56199645996094,1739102623.974126
Baseline_ViT,train,89,92.84400177001952,1739102715.8149624
Baseline_ViT,train,90,92.99600219726562,1739102807.5618677
Baseline_ViT,train,91,93.02999877929688,1739102898.7343793
Baseline_ViT,train,92,93.2020034790039,1739102989.5081024
Baseline_ViT,train,93,93.27799987792967,1739103080.51958
Baseline_ViT,train,94,93.36799621582033,1739103171.6047742
Baseline_ViT,train,95,93.81600189208984,1739103262.6681468
Baseline_ViT,train,96,93.86799621582033,1739103353.522831
Baseline_ViT,train,97,93.9260025024414,1739103443.9117858
Baseline_ViT,train,98,94.052001953125,1739103535.3538303
Baseline_ViT,train,99,94.16999816894533,1739103627.5793738
Baseline_ViT,train,100,94.31800079345705,1739103719.9723864
Baseline_ViT,train,101,94.58999633789062,1739103811.9195688
Baseline_ViT,train,102,94.73600006103516,1739103904.3415642
Baseline_ViT,train,103,94.81999969482422,1739103996.8476422
Baseline_ViT,train,104,94.84200286865234,1739104088.0364926
Baseline_ViT,train,105,95.0719985961914,1739104179.143752
Baseline_ViT,train,106,95.06400299072266,1739104270.0795703
Baseline_ViT,train,107,95.13400268554688,1739104360.8567774
Baseline_ViT,train,108,95.36000061035156,1739104451.551719
Baseline_ViT,train,109,95.52799987792967,1739104542.219157
Baseline_ViT,train,110,95.53800201416016,1739104638.0143056
Baseline_ViT,train,111,95.68399810791016,1739104736.8534677
Baseline_ViT,train,112,95.76200103759766,1739104829.7828088
Baseline_ViT,train,113,95.84200286865234,1739104922.9917612
Baseline_ViT,train,114,95.9219970703125,1739105022.127311
Baseline_ViT,train,115,96.15399932861328,1739105117.0494573
Baseline_ViT,train,116,96.11399841308594,1739105210.5248804
Baseline_ViT,train,117,96.24199676513672,1739105301.453881
Baseline_ViT,train,118,96.14800262451172,1739105391.7864013
Baseline_ViT,train,119,96.6520004272461,1739105482.1209023
Baseline_ViT,train,120,96.63200378417967,1739105572.561607
Baseline_ViT,train,121,96.70800018310548,1739105663.3005428
Baseline_ViT,train,122,96.7519989013672,1739105754.3980317
Baseline_ViT,train,123,96.947998046875,1739105846.2899177
Baseline_ViT,train,124,96.96600341796876,1739105938.6491609
Baseline_ViT,train,125,96.9280014038086,1739106037.8666134
Baseline_ViT,train,126,97.18599700927734,1739106129.7871747
Baseline_ViT,train,127,97.37999725341795,1739106221.498913
Baseline_ViT,train,128,97.34200286865234,1739106312.870077
Baseline_ViT,train,129,97.30799865722656,1739106403.8652396
Baseline_ViT,train,130,97.48400115966795,1739106506.1710308
Baseline_ViT,train,131,97.55799865722656,1739106596.956095
Baseline_ViT,train,132,97.7519989013672,1739106687.6222692
Baseline_ViT,train,133,97.64600372314452,1739106778.308942
Baseline_ViT,train,134,97.7040023803711,1739106869.2723403
Baseline_ViT,train,135,97.78800201416016,1739106960.858227
Baseline_ViT,train,136,97.94400024414062,1739107053.391395
Baseline_ViT,train,137,98.08000183105467,1739107147.507723
Baseline_ViT,train,138,98.08200073242188,1739107241.0679317
Baseline_ViT,train,139,98.03600311279295,1739107344.8321564
Baseline_ViT,train,140,98.1439971923828,1739107440.061481
Baseline_ViT,train,141,98.27799987792967,1739107533.360263
Baseline_ViT,train,142,98.27200317382812,1739107624.710286
Baseline_ViT,train,143,98.4739990234375,1739107715.5395644
Baseline_ViT,train,144,98.51799774169922,1739107806.4523883
Baseline_ViT,train,145,98.48600006103516,1739107897.2109702
Baseline_ViT,train,146,98.56600189208984,1739107988.909407
Baseline_ViT,train,147,98.63200378417967,1739108081.1349332
Baseline_ViT,train,148,98.6500015258789,1739108173.243194
Baseline_ViT,train,149,98.76799774169922,1739108265.126321
Baseline_ViT,train,150,98.87999725341795,1739108356.9230728
Baseline_ViT,train,151,98.8219985961914,1739108448.945967
Baseline_ViT,train,152,98.84400177001952,1739108540.6380982
Baseline_ViT,train,153,99.04399871826172,1739108631.775925
Baseline_ViT,train,154,98.86199951171876,1739108722.422181
Baseline_ViT,train,155,98.88600158691406,1739108813.8051488
Baseline_ViT,train,156,99.04199981689452,1739108906.123669
Baseline_ViT,train,157,99.11000061035156,1739108998.8181074
Baseline_ViT,train,158,99.10399627685548,1739109091.9157724
Baseline_ViT,train,159,99.11000061035156,1739109182.715337
Baseline_ViT,train,160,99.3000030517578,1739109273.4151385
Baseline_ViT,train,161,99.26200103759766,1739109364.0986423
Baseline_ViT,train,162,99.23799896240234,1739109454.6094425
Baseline_ViT,train,163,99.29399871826172,1739109545.2918212
Baseline_ViT,train,164,99.38800048828124,1739109635.476318
Baseline_ViT,train,165,99.30999755859376,1739109726.164204
Baseline_ViT,train,166,99.35399627685548,1739109817.7363176
Baseline_ViT,train,167,99.40599822998048,1739109908.6930091
Baseline_ViT,train,168,99.43399810791016,1739110000.0423374
Baseline_ViT,train,169,99.50599670410156,1739110091.0052226
Baseline_ViT,train,170,99.48999786376952,1739110182.074412
Baseline_ViT,train,171,99.4499969482422,1739110273.2237852
Baseline_ViT,train,172,99.53600311279295,1739110364.203332
Baseline_ViT,train,173,99.56199645996094,1739110455.0897858
Baseline_ViT,train,174,99.5979995727539,1739110545.7432146
Baseline_ViT,train,175,99.58799743652344,1739110636.476838
Baseline_ViT,train,176,99.58799743652344,1739110727.0692408
Baseline_ViT,train,177,99.66000366210938,1739110817.6848905
Baseline_ViT,train,178,99.63400268554688,1739110908.3107517
Baseline_ViT,train,179,99.66400146484376,1739110999.2333336
Baseline_ViT,train,180,99.64800262451172,1739111090.5538611
Baseline_ViT,train,181,99.71600341796876,1739111182.1958425
Baseline_ViT,train,182,99.69200134277344,1739111273.558648
Baseline_ViT,train,183,99.68800354003906,1739111365.3191671
Baseline_ViT,train,184,99.72200012207033,1739111457.0633748
Baseline_ViT,train,185,99.72599792480467,1739111548.1388032
Baseline_ViT,train,186,99.73200225830078,1739111638.8673775
Baseline_ViT,train,187,99.73400115966795,1739111729.9231334
Baseline_ViT,train,188,99.71399688720705,1739111821.4326072
Baseline_ViT,train,189,99.73400115966795,1739111913.9005604
Baseline_ViT,train,190,99.73799896240234,1739112006.2714689
Baseline_ViT,train,191,99.76399993896484,1739112100.2654872
Baseline_ViT,train,192,99.74199676513672,1739112194.823851
Baseline_ViT,train,193,99.7760009765625,1739112289.36926
Baseline_ViT,train,194,99.7519989013672,1739112380.7191243
Baseline_ViT,train,195,99.76799774169922,1739112471.314897
Baseline_ViT,train,196,99.80799865722656,1739112561.8098996
Baseline_ViT,train,197,99.77799987792967,1739112652.3437817
Baseline_ViT,train,198,99.77400207519533,1739112742.9632187
Baseline_ViT,train,199,99.79199981689452,1739112833.3502352
ConvNeXT,train,0,28.802000045776367,1739061503.480758
ConvNeXT,train,1,41.80799865722656,1739061587.119833
ConvNeXT,train,2,48.641998291015625,1739061670.587296
ConvNeXT,train,3,53.62799835205078,1739061944.8242023
ConvNeXT,train,4,57.97600173950195,1739062093.3818762
ConvNeXT,train,5,60.86000061035156,1739062335.757023
ConvNeXT,train,6,64.16799926757812,1739062580.6583662
ConvNeXT,train,7,67.43199920654297,1739062826.6863124
ConvNeXT,train,8,69.947998046875,1739063073.1561334
ConvNeXT,train,9,72.30400085449219,1739063319.8721948
ConvNeXT,train,10,75.03600311279297,1739063565.7553864
ConvNeXT,train,11,76.99400329589844,1739063811.122801
ConvNeXT,train,12,79.15799713134766,1739064056.1425557
ConvNeXT,train,13,80.69999694824219,1739064301.0468354
ConvNeXT,train,14,82.4260025024414,1739064545.7958355
ConvNeXT,train,15,83.52999877929688,1739064790.1571028
ConvNeXT,train,16,85.13800048828125,1739065034.5202558
ConvNeXT,train,17,86.27200317382812,1739065279.204001
ConvNeXT,train,18,87.73999786376953,1739065523.7369783
ConvNeXT,train,19,88.65399932861328,1739065768.208343
ConvNeXT,train,20,89.61399841308594,1739066012.5266056
ConvNeXT,train,21,90.25,1739066257.1526084
ConvNeXT,train,22,91.5019989013672,1739066501.5303476
ConvNeXT,train,23,92.1959991455078,1739066746.208182
ConvNeXT,train,24,92.97599792480467,1739066990.6656375
ConvNeXT,train,25,93.4800033569336,1739067235.074536
ConvNeXT,train,26,94.00599670410156,1739067479.2683735
ConvNeXT,train,27,94.36199951171876,1739067723.5420835
ConvNeXT,train,28,94.7979965209961,1739067968.3455722
ConvNeXT,train,29,95.1959991455078,1739068212.7732818
ConvNeXT,train,30,95.6439971923828,1739068457.4542491
ConvNeXT,train,31,95.56400299072266,1739068702.0903225
ConvNeXT,train,32,95.9280014038086,1739068946.671319
ConvNeXT,train,33,95.98999786376952,1739069191.2390134
ConvNeXT,train,34,96.3219985961914,1739069435.6515088
ConvNeXT,train,35,96.39600372314452,1739069680.3318272
ConvNeXT,train,36,96.61399841308594,1739069924.7899024
ConvNeXT,train,37,96.60399627685548,1739070168.8079915
ConvNeXT,train,38,96.8939971923828,1739070413.3869832
ConvNeXT,train,39,96.84200286865234,1739070657.6794114
ConvNeXT,train,40,96.88400268554688,1739070901.9993832
ConvNeXT,train,41,97.21800231933594,1739071146.9520109
ConvNeXT,train,42,97.3040008544922,1739071391.5788784
ConvNeXT,train,43,97.1959991455078,1739071636.1579058
ConvNeXT,train,44,97.23799896240234,1739071880.6934984
ConvNeXT,train,45,97.55799865722656,1739072125.216828
ConvNeXT,train,46,97.63999938964844,1739072369.8545215
ConvNeXT,train,47,97.36000061035156,1739072614.253592
ConvNeXT,train,48,97.53800201416016,1739072858.790483
ConvNeXT,train,49,97.58399963378906,1739073103.1727834
ConvNeXT,train,50,97.8939971923828,1739073347.400827
ConvNeXT,train,51,97.68199920654295,1739073591.9102302
ConvNeXT,train,52,97.91400146484376,1739073836.6525004
ConvNeXT,train,53,97.94400024414062,1739074081.226962
ConvNeXT,train,54,97.83200073242188,1739074325.804412
ConvNeXT,train,55,98.05999755859376,1739074570.2748551
ConvNeXT,train,56,98.03600311279295,1739074814.6204586
ConvNeXT,train,57,97.93199920654295,1739075058.7515202
ConvNeXT,train,58,98.05799865722656,1739075303.24049
ConvNeXT,train,59,98.2959976196289,1739075547.6157427
ConvNeXT,train,60,98.18199920654295,1739075792.253734
ConvNeXT,train,61,98.13999938964844,1739076036.8834796
ConvNeXT,train,62,98.24400329589844,1739076281.5909946
ConvNeXT,train,63,98.29199981689452,1739076526.259126
ConvNeXT,train,64,98.25599670410156,1739076770.6505032
ConvNeXT,train,65,98.31800079345705,1739077015.0607452
ConvNeXT,train,66,98.4520034790039,1739077259.5393963
ConvNeXT,train,67,98.26000213623048,1739077503.9247167
ConvNeXT,train,68,98.43800354003906,1739077748.4282732
ConvNeXT,train,69,98.58599853515624,1739077992.298298
ConvNeXT,train,70,98.37200164794922,1739078237.03512
ConvNeXT,train,71,98.61599731445312,1739078481.505824
ConvNeXT,train,72,98.54399871826172,1739078725.994975
ConvNeXT,train,73,98.65599822998048,1739078970.6208775
ConvNeXT,train,74,98.49199676513672,1739079215.432668
ConvNeXT,train,75,98.70800018310548,1739079460.3885715
ConvNeXT,train,76,98.8000030517578,1739079705.648807
ConvNeXT,train,77,98.97799682617188,1739079793.989509
ConvNeXT,train,78,98.58399963378906,1739079877.9406016
ConvNeXT,train,79,98.60800170898438,1739079962.1165204
ConvNeXT,train,80,98.90399932861328,1739080046.3473525
ConvNeXT,train,81,98.86599731445312,1739080130.5840876
ConvNeXT,train,82,98.7979965209961,1739080214.8400204
ConvNeXT,train,83,98.91600036621094,1739080299.025541
ConvNeXT,train,84,99.01599884033205,1739080383.0073953
ConvNeXT,train,85,98.94400024414062,1739080466.8031783
ConvNeXT,train,86,98.90599822998048,1739080550.763448
ConvNeXT,train,87,98.93199920654295,1739080634.7439682
ConvNeXT,train,88,99.02999877929688,1739080718.5715983
ConvNeXT,train,89,98.92400360107422,1739080802.4514363
ConvNeXT,train,90,99.01799774169922,1739080886.3836422
ConvNeXT,train,91,99.0260009765625,1739080969.8496528
ConvNeXT,train,92,99.04000091552734,1739081053.1235223
ConvNeXT,train,93,99.2020034790039,1739081136.98515
ConvNeXT,train,94,98.99600219726562,1739081220.803048
ConvNeXT,train,95,99.1999969482422,1739081304.2800198
ConvNeXT,train,96,99.18000030517578,1739081388.155551
ConvNeXT,train,97,99.18000030517578,1739081471.9305625
ConvNeXT,train,98,99.20600128173828,1739081555.683411
ConvNeXT,train,99,99.28399658203124,1739081639.349702
ConvNeXT,train,100,99.23600006103516,1739081723.154281
ConvNeXT,train,101,99.47599792480467,1739081807.0332985
ConvNeXT,train,102,99.1719970703125,1739081890.8593323
ConvNeXT,train,103,99.22799682617188,1739081974.7558715
ConvNeXT,train,104,99.38600158691406,1739082058.6746368
ConvNeXT,train,105,99.3280029296875,1739082142.5082264
ConvNeXT,train,106,99.38400268554688,1739082226.2100303
ConvNeXT,train,107,99.41600036621094,1739082310.646634
ConvNeXT,train,108,99.54000091552734,1739082394.5956705
ConvNeXT,train,109,99.25800323486328,1739082478.2681394
ConvNeXT,train,110,99.44200134277344,1739082562.1372914
ConvNeXT,train,111,99.5019989013672,1739082645.921636
ConvNeXT,train,112,99.54000091552734,1739082729.8148751
ConvNeXT,train,113,99.49600219726562,1739082813.597996
ConvNeXT,train,114,99.447998046875,1739082897.3854723
ConvNeXT,train,115,99.39199829101562,1739082981.2900016
ConvNeXT,train,116,99.65799713134766,1739083064.948695
ConvNeXT,train,117,99.56600189208984,1739083148.7787695
ConvNeXT,train,118,99.6060028076172,1739083232.666978
ConvNeXT,train,119,99.63400268554688,1739083316.4769094
ConvNeXT,train,120,99.61000061035156,1739083400.2754865
ConvNeXT,train,121,99.7480010986328,1739083484.1159668
ConvNeXT,train,122,99.58799743652344,1739083567.9161737
ConvNeXT,train,123,99.56199645996094,1739083651.7357097
ConvNeXT,train,124,99.68599700927734,1739083735.4829164
ConvNeXT,train,125,99.58999633789062,1739083819.307428
ConvNeXT,train,126,99.68399810791016,1739083903.228282
ConvNeXT,train,127,99.77200317382812,1739083986.9533815
ConvNeXT,train,128,99.80599975585938,1739084070.7737677
ConvNeXT,train,129,99.73799896240234,1739084154.7620018
ConvNeXT,train,130,99.73600006103516,1739084238.5721436
ConvNeXT,train,131,99.71199798583984,1739084322.4199677
ConvNeXT,train,132,99.80799865722656,1739084406.3483684
ConvNeXT,train,133,99.81600189208984,1739084490.2487772
ConvNeXT,train,134,99.71399688720705,1739084574.0594716
ConvNeXT,train,135,99.77400207519533,1739084657.8986604
ConvNeXT,train,136,99.85399627685548,1739084742.12838
ConvNeXT,train,137,99.80599975585938,1739084825.84391
ConvNeXT,train,138,99.86799621582033,1739084909.7118485
ConvNeXT,train,139,99.8939971923828,1739084993.773805
ConvNeXT,train,140,99.8560028076172,1739085077.7437434
ConvNeXT,train,141,99.83399963378906,1739085161.5044465
ConvNeXT,train,142,99.8759994506836,1739085245.2953792
ConvNeXT,train,143,99.88999938964844,1739085330.007761
ConvNeXT,train,144,99.88200378417967,1739085413.743127
ConvNeXT,train,145,99.82599639892578,1739085497.6743577
ConvNeXT,train,146,99.86000061035156,1739085581.5650723
ConvNeXT,train,147,99.8740005493164,1739085665.5103066
ConvNeXT,train,148,99.94000244140624,1739085749.3508863
ConvNeXT,train,149,99.9499969482422,1739085833.2225978
ConvNeXT,train,150,99.95600128173828,1739085917.0844274
ConvNeXT,train,151,99.93599700927734,1739086000.875975
ConvNeXT,train,152,99.94000244140624,1739086084.7492783
ConvNeXT,train,153,99.91799926757812,1739086168.672196
ConvNeXT,train,154,99.9219970703125,1739086252.4736087
ConvNeXT,train,155,99.96199798583984,1739086336.246774
ConvNeXT,train,156,99.9499969482422,1739086420.0989316
ConvNeXT,train,157,99.9800033569336,1739086503.9947474
ConvNeXT,train,158,99.96600341796876,1739086587.845627
ConvNeXT,train,159,99.96600341796876,1739086671.8225112
ConvNeXT,train,160,99.93199920654295,1739086755.7385633
ConvNeXT,train,161,99.9739990234375,1739086839.5383575
ConvNeXT,train,162,99.98200225830078,1739086922.768814
ConvNeXT,train,163,99.98200225830078,1739087006.8016162
ConvNeXT,train,164,99.98999786376952,1739087090.0067573
ConvNeXT,train,165,99.98400115966795,1739087173.739761
ConvNeXT,train,166,99.99400329589844,1739087257.7340517
ConvNeXT,train,167,99.98200225830078,1739087341.6305945
ConvNeXT,train,168,99.97599792480467,1739087425.4776163
ConvNeXT,train,169,99.96399688720705,1739087509.2843933
ConvNeXT,train,170,99.99400329589844,1739087593.2166164
ConvNeXT,train,171,99.98999786376952,1739087677.190913
ConvNeXT,train,172,99.99400329589844,1739087760.9698374
ConvNeXT,train,173,99.98400115966795,1739087844.8527253
ConvNeXT,train,174,99.99400329589844,1739087928.7475383
ConvNeXT,train,175,99.99600219726562,1739088012.524238
ConvNeXT,train,176,99.9980010986328,1739088096.3735518
ConvNeXT,train,177,99.9980010986328,1739088180.2038252
ConvNeXT,train,178,100.0,1739088264.1228137
ConvNeXT,train,179,100.0,1739088347.4698222
ConvNeXT,train,180,100.0,1739088431.3659043
ConvNeXT,train,181,99.99600219726562,1739088515.2214034
ConvNeXT,train,182,100.0,1739088599.1456528
ConvNeXT,train,183,100.0,1739088683.2078238
ConvNeXT,train,184,100.0,1739088767.2751262
ConvNeXT,train,185,100.0,1739088851.190106
ConvNeXT,train,186,100.0,1739088934.7521307
ConvNeXT,train,187,100.0,1739089018.5911937
ConvNeXT,train,188,99.9980010986328,1739089102.5562754
ConvNeXT,train,189,100.0,1739089186.1706777
ConvNeXT,train,190,100.0,1739089269.978282
ConvNeXT,train,191,99.99600219726562,1739089353.8100712
ConvNeXT,train,192,100.0,1739089437.7215416
ConvNeXT,train,193,100.0,1739089521.6011505
ConvNeXT,train,194,100.0,1739089605.7273903
ConvNeXT,train,195,100.0,1739089689.5743067
ConvNeXT,train,196,100.0,1739089773.4138508
ConvNeXT,train,197,100.0,1739089857.1894164
ConvNeXT,train,198,100.0,1739089941.5736756
ConvNeXT,train,199,100.0,1739090025.6667285
SFCNN-B_no_exp,train,0,28.06800079345703,1739040264.8726375
SFCNN-B_no_exp,train,1,32.98199844360352,1739040352.8554564
SFCNN-B_no_exp,train,2,35.327999114990234,1739040440.0918572
SFCNN-B_no_exp,train,3,36.72600173950195,1739040528.8577745
SFCNN-B_no_exp,train,4,38.34199905395508,1739040615.9298556
SFCNN-B_no_exp,train,5,39.50199890136719,1739040703.1254103
SFCNN-B_no_exp,train,6,40.79999923706055,1739040790.7538788
SFCNN-B_no_exp,train,7,41.55199813842773,1739040878.017772
SFCNN-B_no_exp,train,8,42.38800048828125,1739040965.911177
SFCNN-B_no_exp,train,9,42.59400177001953,1739041052.9967012
SFCNN-B_no_exp,train,10,45.970001220703125,1739041141.1134615
SFCNN-B_no_exp,train,11,48.39400100708008,1739041228.1751137
SFCNN-B_no_exp,train,12,50.61800003051758,1739041316.231747
SFCNN-B_no_exp,train,13,53.34000015258789,1739041403.4019248
SFCNN-B_no_exp,train,14,56.13399887084961,1739041490.5633695
SFCNN-B_no_exp,train,15,57.58000183105469,1739041578.6747978
SFCNN-B_no_exp,train,16,60.19400024414063,1739041665.8398197
SFCNN-B_no_exp,train,17,61.902000427246094,1739041753.039849
SFCNN-B_no_exp,train,18,63.20399856567383,1739041841.817381
SFCNN-B_no_exp,train,19,64.9000015258789,1739041928.8926158
SFCNN-B_no_exp,train,20,66.4219970703125,1739042017.2561927
SFCNN-B_no_exp,train,21,67.50199890136719,1739042104.036626
SFCNN-B_no_exp,train,22,68.74600219726562,1739042192.8599994
SFCNN-B_no_exp,train,23,69.96600341796875,1739042279.5227747
SFCNN-B_no_exp,train,24,71.06199645996094,1739042368.6858673
SFCNN-B_no_exp,train,25,71.9020004272461,1739042455.6621287
SFCNN-B_no_exp,train,26,72.33399963378906,1739042543.4143777
SFCNN-B_no_exp,train,27,73.85800170898438,1739042629.9848564
SFCNN-B_no_exp,train,28,74.73400115966797,1739042717.8051295
SFCNN-B_no_exp,train,29,75.00599670410156,1739042804.2742574
SFCNN-B_no_exp,train,30,76.27200317382812,1739042892.7395558
SFCNN-B_no_exp,train,31,76.83799743652344,1739042979.2096689
SFCNN-B_no_exp,train,32,55.35200119018555,1739043066.7145832
SFCNN-B_no_exp,train,33,10.0,1739043150.8090112
SFCNN-B_no_exp,train,34,9.960000038146973,1739043235.439671
SFCNN-B_no_exp,train,35,9.814000129699709,1739043320.6255646
SFCNN-B_no_exp,train,36,9.81999969482422,1739043404.6798334
SFCNN-B_no_exp,train,37,9.642000198364258,1739043488.9199867
SFCNN-B_no_exp,train,38,9.751999855041504,1739043575.298937
SFCNN-B_no_exp,train,39,9.833999633789062,1739043659.3291397
SFCNN-B_no_exp,train,40,9.52400016784668,1739043744.1653
SFCNN-B_no_exp,train,41,9.718000411987305,1739043828.274088
SFCNN-B_no_exp,train,42,9.838000297546388,1739043912.2872343
SFCNN-B_no_exp,train,43,9.838000297546388,1739043997.1284063
SFCNN-B_no_exp,train,44,9.72599983215332,1739044083.0424488
SFCNN-B_no_exp,train,45,9.75,1739044167.3456762
SFCNN-B_no_exp,train,46,9.88599967956543,1739044251.360345
SFCNN-B_no_exp,train,47,9.821999549865724,1739044336.6471288
SFCNN-B_no_exp,train,48,9.654000282287598,1739044420.7188976
SFCNN-B_no_exp,train,49,9.720000267028809,1739044505.5706525
SFCNN-B_no_exp,train,50,9.800000190734863,1739044591.6013238
SFCNN-B_no_exp,train,51,9.944000244140623,1739044675.9968112
SFCNN-B_no_exp,train,52,9.80799961090088,1739044761.0050335
SFCNN-B_no_exp,train,53,9.68000030517578,1739044847.0786622
SFCNN-B_no_exp,train,54,9.86400032043457,1739044931.3255732
SFCNN-B_no_exp,train,55,9.859999656677246,1739045015.565425
SFCNN-B_no_exp,train,56,9.833999633789062,1739045100.0487409
SFCNN-P_no_exp,train,0,26.729999542236328,1739028810.807557
SFCNN-P_no_exp,train,1,33.29399871826172,1739028841.5642784
SFCNN-P_no_exp,train,2,35.395999908447266,1739028873.5062337
SFCNN-P_no_exp,train,3,36.74599838256836,1739028904.500899
SFCNN-P_no_exp,train,4,38.67599868774414,1739028935.6457932
SFCNN-P_no_exp,train,5,39.81399917602539,1739028966.6793528
SFCNN-P_no_exp,train,6,40.89599990844727,1739028998.9151683
SFCNN-P_no_exp,train,7,41.76399993896485,1739029030.9570596
SFCNN-P_no_exp,train,8,42.23600006103516,1739029062.6671517
SFCNN-P_no_exp,train,9,42.7400016784668,1739029093.962504
SFCNN-P_no_exp,train,10,44.18199920654297,1739029125.0519032
SFCNN-P_no_exp,train,11,45.13600158691406,1739029155.9726143
SFCNN-P_no_exp,train,12,46.47200012207031,1739029187.3953223
SFCNN-P_no_exp,train,13,47.09600067138672,1739029218.526734
SFCNN-P_no_exp,train,0,26.465999603271484,1739029405.289121
SFCNN-P_no_exp,train,1,32.50600051879883,1739029435.155166
SFCNN-P_no_exp,train,2,36.26399993896485,1739029465.9492967
SFCNN-P_no_exp,train,3,38.17399978637695,1739029497.6771567
SFCNN-P_no_exp,train,4,39.805999755859375,1739029530.7334585
SFCNN-P_no_exp,train,5,40.459999084472656,1739029562.8751223
SFCNN-P_no_exp,train,6,41.26800155639648,1739029595.269492
SFCNN-P_no_exp,train,7,41.709999084472656,1739029626.5003364
SFCNN-P_no_exp,train,8,42.55799865722656,1739029658.2980027
SFCNN-P_no_exp,train,9,43.02000045776367,1739029689.3066163
SFCNN-P_no_exp,train,10,43.88600158691406,1739029720.0532668
SFCNN-P_no_exp,train,11,44.96200180053711,1739029751.5356789
SFCNN-P_no_exp,train,12,45.58200073242188,1739029782.539673
SFCNN-P_no_exp,train,13,46.52999877929688,1739029813.3660312
SFCNN-P_no_exp,train,14,47.30799865722656,1739029844.017917
SFCNN-P_no_exp,train,15,47.88800048828125,1739029875.2768154
SFCNN-P_no_exp,train,16,48.55400085449219,1739029907.1430564
SFCNN-P_no_exp,train,17,49.38600158691406,1739029939.1200223
SFCNN-P_no_exp,train,18,49.89400100708008,1739029970.4035769
SFCNN-P_no_exp,train,19,50.512001037597656,1739030000.1509058
SFCNN-P_no_exp,train,20,51.27199935913086,1739030029.3066995
SFCNN-P_no_exp,train,21,51.81399917602539,1739030060.0006113
SFCNN-P_no_exp,train,22,52.2400016784668,1739030091.9996395
SFCNN-P_no_exp,train,23,53.12200164794922,1739030123.5983336
SFCNN-P_no_exp,train,24,53.75199890136719,1739030155.3527265
SFCNN-P_no_exp,train,25,54.391998291015625,1739030186.1428237
SFCNN-P_no_exp,train,26,55.25199890136719,1739030216.6294992
SFCNN-P_no_exp,train,27,55.75,1739030246.7531211
SFCNN-P_no_exp,train,28,56.40599822998047,1739030278.3343077
SFCNN-P_no_exp,train,29,57.51800155639648,1739030309.7137804
SFCNN-P_no_exp,train,30,57.790000915527344,1739030341.1118698
SFCNN-P_no_exp,train,31,58.30799865722656,1739030371.6233826
SFCNN-P_no_exp,train,32,58.97600173950195,1739030403.231701
SFCNN-P_no_exp,train,33,59.77000045776367,1739030434.622425
SFCNN-P_no_exp,train,34,60.32400131225586,1739030464.7841356
SFCNN-P_no_exp,train,35,60.95800018310547,1739030493.8124402
SFCNN-P_no_exp,train,36,61.374000549316406,1739030523.8198917
SFCNN-P_no_exp,train,37,61.77199935913086,1739030555.3186514
SFCNN-P_no_exp,train,38,62.40800094604492,1739030587.3056574
SFCNN-P_no_exp,train,39,62.90999984741211,1739030617.1024554
SFCNN-P_no_exp,train,40,63.08399963378906,1739030646.477107
SFCNN-P_no_exp,train,41,63.970001220703125,1739030675.942511
SFCNN-P_no_exp,train,42,64.41000366210938,1739030707.3138022
SFCNN-P_no_exp,train,43,64.56400299072266,1739030739.4547162
SFCNN-P_no_exp,train,44,65.0739974975586,1739030770.4853745
SFCNN-P_no_exp,train,45,65.78600311279297,1739030802.3225112
SFCNN-P_no_exp,train,46,66.18599700927734,1739030832.1126442
SFCNN-P_no_exp,train,47,66.47000122070312,1739030861.778747
SFCNN-P_no_exp,train,48,66.83599853515625,1739030893.4317017
SFCNN-P_no_exp,train,49,67.38999938964844,1739030925.043824
SFCNN-P_no_exp,train,50,68.03399658203125,1739030956.7785091
SFCNN-P_no_exp,train,51,68.13400268554688,1739030988.366039
SFCNN-P_no_exp,train,52,68.90599822998047,1739031018.0352125
SFCNN-P_no_exp,train,53,68.91999816894531,1739031047.9992716
SFCNN-P_no_exp,train,54,69.62999725341797,1739031078.901751
SFCNN-P_no_exp,train,55,70.00800323486328,1739031110.5598288
SFCNN-P_no_exp,train,56,70.37799835205078,1739031142.6389358
SFCNN-P_no_exp,train,57,70.55599975585938,1739031173.1497605
SFCNN-P_no_exp,train,58,71.25599670410156,1739031202.883924
SFCNN-P_no_exp,train,59,71.77999877929688,1739031234.0531287
SFCNN-P_no_exp,train,60,72.04399871826172,1739031265.9371326
SFCNN-P_no_exp,train,61,72.51200103759766,1739031298.2986023
SFCNN-P_no_exp,train,62,72.58399963378906,1739031329.548745
SFCNN-P_no_exp,train,63,73.09200286865234,1739031359.4841766
SFCNN-P_no_exp,train,64,73.56600189208984,1739031390.615482
SFCNN-P_no_exp,train,65,74.1760025024414,1739031422.6402614
SFCNN-P_no_exp,train,66,74.71399688720703,1739031454.450051
SFCNN-P_no_exp,train,67,75.00199890136719,1739031485.6191106
SFCNN-P_no_exp,train,68,75.15799713134766,1739031515.1483693
SFCNN-P_no_exp,train,69,75.68000030517578,1739031546.5257587
SFCNN-P_no_exp,train,70,76.20800018310547,1739031576.455964
SFCNN-P_no_exp,train,71,77.01399993896484,1739031606.4512143
SFCNN-P_no_exp,train,72,76.97200012207031,1739031638.185324
SFCNN-P_no_exp,train,73,77.27200317382812,1739031669.5527115
SFCNN-P_no_exp,train,74,77.98200225830078,1739031701.498264
SFCNN-P_no_exp,train,75,78.53199768066406,1739031731.7755544
SFCNN-P_no_exp,train,76,78.96800231933594,1739031762.291995
SFCNN-P_no_exp,train,77,79.18399810791016,1739031792.9266143
SFCNN-P_no_exp,train,78,79.72200012207031,1739031824.3542154
SFCNN-P_no_exp,train,79,80.04399871826172,1739031855.5200338
SFCNN-P_no_exp,train,80,80.40599822998047,1739031887.5309298
SFCNN-P_no_exp,train,81,80.87799835205078,1739031918.417896
SFCNN-P_no_exp,train,82,81.56400299072266,1739031951.0231144
SFCNN-P_no_exp,train,83,81.9000015258789,1739031983.296814
SFCNN-P_no_exp,train,84,82.48799896240234,1739032015.30782
SFCNN-P_no_exp,train,85,82.56400299072266,1739032045.666005
SFCNN-P_no_exp,train,86,83.20800018310547,1739032075.4709587
SFCNN-P_no_exp,train,87,83.37999725341797,1739032106.9097466
SFCNN-P_no_exp,train,88,83.94200134277344,1739032139.4581268
SFCNN-P_no_exp,train,89,84.26399993896484,1739032171.5403085
SFCNN-P_no_exp,train,90,84.97200012207031,1739032202.9355748
SFCNN-P_no_exp,train,91,85.1240005493164,1739032233.2592356
SFCNN-P_no_exp,train,92,85.4739990234375,1739032263.758267
SFCNN-P_no_exp,train,93,86.06400299072266,1739032294.810559
SFCNN-P_no_exp,train,94,86.36000061035156,1739032325.5818624
SFCNN-P_no_exp,train,95,86.7959976196289,1739032356.6381226
SFCNN-P_no_exp,train,96,87.1520004272461,1739032387.758185
SFCNN-P_no_exp,train,97,87.61599731445312,1739032418.8349545
SFCNN-P_no_exp,train,98,87.7300033569336,1739032449.877524
SFCNN-P_no_exp,train,99,88.052001953125,1739032480.8227408
SFCNN-P_no_exp,train,100,88.697998046875,1739032512.1472092
SFCNN-P_no_exp,train,101,88.7020034790039,1739032543.2842555
SFCNN-P_no_exp,train,102,89.01399993896484,1739032574.555509
SFCNN-P_no_exp,train,103,89.41799926757812,1739032606.2042494
SFCNN-P_no_exp,train,104,90.00199890136719,1739032637.1811006
SFCNN-P_no_exp,train,105,90.24199676513672,1739032669.4796324
SFCNN-P_no_exp,train,106,90.28399658203124,1739032700.7241557
SFCNN-P_no_exp,train,107,90.4280014038086,1739032731.5541985
SFCNN-P_no_exp,train,108,91.27200317382812,1739032764.061125
SFCNN-P_no_exp,train,109,91.34600067138672,1739032796.2095685
SFCNN-P_no_exp,train,110,91.70600128173828,1739032828.4583032
SFCNN-P_no_exp,train,111,91.96600341796876,1739032860.3082376
SFCNN-P_no_exp,train,112,92.10800170898438,1739032892.2269063
SFCNN-P_no_exp,train,113,92.47200012207033,1739032924.1189103
SFCNN-P_no_exp,train,114,92.59400177001952,1739032955.3863697
SFCNN-P_no_exp,train,115,93.05799865722656,1739032986.58261
SFCNN-P_no_exp,train,116,93.2040023803711,1739033018.0585766
SFCNN-P_no_exp,train,117,93.45800018310548,1739033049.5187676
SFCNN-P_no_exp,train,118,93.80599975585938,1739033083.090233
SFCNN-P_no_exp,train,119,93.54000091552734,1739033116.3768086
SFCNN-P_no_exp,train,120,94.02799987792967,1739033149.1420407
SFCNN-P_no_exp,train,121,94.27200317382812,1739033181.9873602
SFCNN-P_no_exp,train,122,94.4260025024414,1739033213.9189596
SFCNN-P_no_exp,train,123,94.7760009765625,1739033245.7613437
SFCNN-P_no_exp,train,124,94.46399688720705,1739033277.1344278
SFCNN-P_no_exp,train,125,95.12200164794922,1739033307.9643643
SFCNN-P_no_exp,train,126,95.14800262451172,1739033339.3270826
SFCNN-P_no_exp,train,127,95.27400207519533,1739033369.937642
SFCNN-P_no_exp,train,128,95.87999725341795,1739033401.3662488
SFCNN-P_no_exp,train,129,95.59400177001952,1739033433.140221
SFCNN-P_no_exp,train,130,95.98600006103516,1739033463.3077826
SFCNN-P_no_exp,train,131,96.1259994506836,1739033493.0481026
SFCNN-P_no_exp,train,132,96.34400177001952,1739033523.7817602
SFCNN-P_no_exp,train,133,96.2699966430664,1739033556.116028
SFCNN-P_no_exp,train,134,96.48200225830078,1739033587.740764
SFCNN-P_no_exp,train,135,96.78800201416016,1739033618.7204556
SFCNN-P_no_exp,train,136,96.84400177001952,1739033648.4449296
SFCNN-P_no_exp,train,137,96.8759994506836,1739033679.5384018
SFCNN-P_no_exp,train,138,97.00399780273438,1739033710.872375
SFCNN-P_no_exp,train,139,97.2480010986328,1739033742.481936
SFCNN-P_no_exp,train,140,97.4520034790039,1739033773.6146317
SFCNN-P_no_exp,train,141,97.44400024414062,1739033802.9867806
SFCNN-P_no_exp,train,142,97.5719985961914,1739033834.3552625
SFCNN-P_no_exp,train,143,97.71800231933594,1739033866.3213112
SFCNN-P_no_exp,train,144,97.86399841308594,1739033897.911429
SFCNN-P_no_exp,train,145,97.86199951171876,1739033929.4049833
SFCNN-P_no_exp,train,146,98.16799926757812,1739033958.8958757
SFCNN-P_no_exp,train,147,98.01399993896484,1739033989.8965502
SFCNN-P_no_exp,train,148,98.24199676513672,1739034020.3282237
SFCNN-P_no_exp,train,149,98.302001953125,1739034052.7662425
SFCNN-P_no_exp,train,150,98.5,1739034084.6500409
SFCNN-P_no_exp,train,151,98.51799774169922,1739034114.5541842
SFCNN-P_no_exp,train,152,98.58999633789062,1739034143.9141493
SFCNN-P_no_exp,train,153,98.59400177001952,1739034175.348793
SFCNN-P_no_exp,train,154,98.52400207519533,1739034207.6272492
SFCNN-P_no_exp,train,155,98.8040008544922,1739034238.753637
SFCNN-P_no_exp,train,156,98.78800201416016,1739034269.245206
SFCNN-P_no_exp,train,157,98.97000122070312,1739034299.1391327
SFCNN-P_no_exp,train,158,98.8499984741211,1739034329.9514515
SFCNN-P_no_exp,train,159,98.9540023803711,1739034361.9631555
SFCNN-P_no_exp,train,160,99.02999877929688,1739034393.662259
SFCNN-P_no_exp,train,161,99.0780029296875,1739034423.631467
SFCNN-P_no_exp,train,162,99.20600128173828,1739034453.0284011
SFCNN-P_no_exp,train,163,99.22799682617188,1739034484.2224717
SFCNN-P_no_exp,train,164,99.28600311279295,1739034516.4645617
SFCNN-P_no_exp,train,165,99.34200286865234,1739034548.1036296
SFCNN-P_no_exp,train,166,99.35199737548828,1739034578.091724
SFCNN-P_no_exp,train,167,99.39600372314452,1739034607.5597887
SFCNN-P_no_exp,train,168,99.46600341796876,1739034636.8917873
SFCNN-P_no_exp,train,169,99.5719985961914,1739034667.4843464
SFCNN-P_no_exp,train,170,99.4739990234375,1739034698.8300748
SFCNN-P_no_exp,train,171,99.56600189208984,1739034730.485164
SFCNN-P_no_exp,train,172,99.62000274658205,1739034760.8286922
SFCNN-P_no_exp,train,173,99.6439971923828,1739034790.3117852
SFCNN-P_no_exp,train,174,99.6259994506836,1739034821.026976
SFCNN-P_no_exp,train,175,99.64800262451172,1739034852.6716766
SFCNN-P_no_exp,train,176,99.6500015258789,1739034883.4789517
SFCNN-P_no_exp,train,177,99.6760025024414,1739034913.6916363
SFCNN-P_no_exp,train,178,99.70600128173828,1739034943.1820912
SFCNN-P_no_exp,train,179,99.72599792480467,1739034972.2911367
SFCNN-P_no_exp,train,180,99.76200103759766,1739035002.7434466
SFCNN-P_no_exp,train,181,99.76399993896484,1739035034.1195638
SFCNN-P_no_exp,train,182,99.71800231933594,1739035065.2522604
SFCNN-P_no_exp,train,183,99.78600311279295,1739035095.665306
SFCNN-P_no_exp,train,184,99.80799865722656,1739035125.373959
SFCNN-P_no_exp,train,185,99.77999877929688,1739035156.2124352
SFCNN-P_no_exp,train,186,99.80999755859376,1739035188.039785
SFCNN-P_no_exp,train,187,99.84400177001952,1739035219.3348553
SFCNN-P_no_exp,train,188,99.83599853515624,1739035250.5736923
SFCNN-P_no_exp,train,189,99.8280029296875,1739035280.0903926
SFCNN-P_no_exp,train,190,99.85800170898438,1739035310.9150398
SFCNN-P_no_exp,train,191,99.84400177001952,1739035342.4138744
SFCNN-P_no_exp,train,192,99.8479995727539,1739035374.376418
SFCNN-P_no_exp,train,193,99.86599731445312,1739035406.011973
SFCNN-P_no_exp,train,194,99.86599731445312,1739035435.6628854
SFCNN-P_no_exp,train,195,99.85399627685548,1739035466.852795
SFCNN-P_no_exp,train,196,99.8759994506836,1739035498.384181
SFCNN-P_no_exp,train,197,99.8740005493164,1739035530.5356162
SFCNN-P_no_exp,train,198,99.88999938964844,1739035561.2905338
SFCNN-P_no_exp,train,199,99.86799621582033,1739035590.6793838
SFCNN-P,train,0,25.95800018310547,1739023892.958234
SFCNN-P,train,1,32.69599914550781,1739024241.2280712
SFCNN-P,train,2,35.6879997253418,1739024601.3811986
SFCNN-P,train,3,37.27199935913086,1739024959.138037
SFCNN-P,train,4,38.9739990234375,1739025323.4027774
SFCNN-P,train,5,40.77399826049805,1739025685.0498714
SFCNN-P,train,6,41.604000091552734,1739026042.542996
SFCNN-P,train,7,42.56399917602539,1739026400.0156188
SFCNN-P,train,8,43.25600051879883,1739026757.771338
SFCNN-P,train,9,44.1619987487793,1739027116.099745
SFCNN-P,train,10,45.720001220703125,1739027475.6430144
SFCNN-P,train,11,46.369998931884766,1739027841.7657745
SFCNN-P,train,12,47.65599822998047,1739028206.951846
SFCNN-P,train,13,48.76599884033203,1739028573.7346013
SFCNN-P,train,14,49.83200073242188,1739028941.7109203
SFCNN-P,train,15,50.32400131225586,1739029309.752179
SFCNN-P,train,16,51.262001037597656,1739029677.5626996
SFCNN-P,train,17,52.51599884033203,1739030046.1393363
SFCNN-P,train,18,53.14799880981445,1739030413.8738744
SFCNN-P,train,19,53.85599899291992,1739030780.7010298
SFCNN-P,train,20,54.5880012512207,1739031145.766686
SFCNN-P,train,21,55.900001525878906,1739031509.1107488
SFCNN-P,train,22,56.29399871826172,1739031875.1820052
SFCNN-P,train,23,56.76599884033203,1739032241.0774405
SFCNN-P,train,24,58.05400085449219,1739032607.4757392
SFCNN-P,train,25,58.40599822998047,1739032973.641618
SFCNN-P,train,26,58.93000030517578,1739033338.655686
SFCNN-P,train,27,59.26599884033203,1739033703.7537534
SFCNN-P,train,28,60.12799835205078,1739034068.5074294
SFCNN-P,train,29,61.0260009765625,1739034435.3484004
SFCNN-P,train,30,61.5,1739034803.412639
SFCNN-P,train,31,61.54199981689453,1739035177.860144
SFCNN-P,train,32,62.38800048828125,1739035551.6459036
SFCNN-P,train,33,62.90399932861328,1739035926.266822
SFCNN-P,train,34,63.34400177001953,1739036299.365344
SFCNN-P,train,35,63.869998931884766,1739036672.6535316
SFCNN-P,train,36,64.19200134277344,1739037047.865153
SFCNN-P,train,37,64.37799835205078,1739037422.3234782
SFCNN-P,train,38,64.95800018310547,1739037796.468562
SFCNN-P,train,39,65.16600036621094,1739038170.646882
SFCNN-P,train,40,65.7020034790039,1739038545.0119174
SFCNN-P,train,41,65.78199768066406,1739038919.4905107
SFCNN-P,train,42,66.30999755859375,1739039293.973447
SFCNN-P,train,43,66.80000305175781,1739039668.5943992
SFCNN-P,train,44,67.23999786376953,1739040042.4834273
SFCNN-P,train,45,67.47200012207031,1739040417.1605258
SFCNN-P,train,46,67.5979995727539,1739040791.9619873
SFCNN-P,train,47,68.08000183105469,1739041165.6059735
SFCNN-P,train,48,68.3499984741211,1739041542.7047217
SFCNN-P,train,49,68.5780029296875,1739041918.7406645
SFCNN-P,train,50,68.79199981689453,1739042294.1610842
SFCNN-P,train,51,69.57599639892578,1739042669.0162206
SFCNN-P,train,52,69.51200103759766,1739043043.9419322
SFCNN-P,train,53,70.09200286865234,1739043418.1381404
SFCNN-P,train,54,70.26399993896484,1739043792.9316764
SFCNN-P,train,55,70.48999786376953,1739044167.3122177
SFCNN-P,train,56,71.22200012207031,1739044542.621869
SFCNN-P,train,57,71.47000122070312,1739044916.5461888
SFCNN-P,train,58,71.52400207519531,1739045290.8416097
SFCNN-P,train,59,72.00199890136719,1739045664.4794102
SFCNN-P,train,60,72.37999725341797,1739046039.7949488
SFCNN-P,train,61,72.69200134277344,1739046413.8180797
SFCNN-P,train,62,72.58799743652344,1739046789.4321008
SFCNN-P,train,63,73.1500015258789,1739047164.436494
SFCNN-P,train,64,73.72000122070312,1739047539.2772932
SFCNN-P,train,65,74.14600372314453,1739047914.459792
SFCNN-P,train,66,74.38999938964844,1739048296.37226
SFCNN-P,train,67,74.58000183105469,1739048670.1557834
SFCNN-P,train,68,74.8239974975586,1739049046.5634472
SFCNN-P,train,69,75.46600341796875,1739049421.8393383
SFCNN-P,train,70,75.7020034790039,1739049796.3227136
SFCNN-P,train,71,76.00399780273438,1739050172.1234186
SFCNN-P,train,72,76.33200073242188,1739050550.075382
SFCNN-P,train,73,76.947998046875,1739050925.3353045
SFCNN-P,train,74,77.4219970703125,1739051301.542708
SFCNN-P,train,75,77.62000274658203,1739051676.561803
SFCNN-P,train,76,78.0739974975586,1739052051.979206
SFCNN-P,train,77,78.30000305175781,1739052425.970636
SFCNN-P,train,78,78.95600128173828,1739052801.6019106
SFCNN-P,train,79,79.30000305175781,1739053178.6933985
SFCNN-P,train,80,79.61399841308594,1739053555.505456
SFCNN-P,train,81,80.14800262451172,1739053933.0649292
SFCNN-P,train,82,80.22799682617188,1739054307.479754
SFCNN-P,train,83,80.94000244140625,1739054685.110573
SFCNN-P,train,84,81.04000091552734,1739055060.3999152
SFCNN-P,train,85,81.24199676513672,1739055436.6661236
SFCNN-P,train,86,82.23400115966797,1739055812.011154
SFCNN-P,train,87,82.75,1739056186.43579
SFCNN-P,train,88,82.85199737548828,1739056562.6335578
SFCNN-P,train,89,83.19999694824219,1739056936.282767
SFCNN-P,train,90,83.68199920654297,1739057310.9496458
SFCNN-P,train,91,83.91799926757812,1739057685.6155205
SFCNN-P,train,92,84.28199768066406,1739058061.0725243
SFCNN-P,train,93,84.68599700927734,1739058435.336367
SFCNN-P,train,94,85.03199768066406,1739058809.69304
SFCNN-P,train,95,85.41999816894531,1739059185.5315351
SFCNN-P,train,96,85.79399871826172,1739059561.2846832
SFCNN-P,train,97,86.46199798583984,1739059936.0811384
SFCNN-P,train,98,86.66999816894531,1739060310.919047
SFCNN-P,train,99,87.04199981689453,1739060687.9110415
SFCNN-P,train,100,87.78199768066406,1739061062.010395
SFCNN-P,train,101,87.50399780273438,1739061437.144982
SFCNN-P,train,102,88.07599639892578,1739061812.606207
SFCNN-P,train,103,88.52200317382812,1739062187.61269
SFCNN-P,train,104,88.66600036621094,1739062562.352063
SFCNN-P,train,105,89.31999969482422,1739062937.325915
SFCNN-P,train,106,89.2760009765625,1739063312.8748474
SFCNN-P,train,107,89.947998046875,1739063689.5259404
SFCNN-P,train,108,89.89600372314453,1739064064.8820052
SFCNN-P,train,109,90.552001953125,1739064440.5050654
SFCNN-P,train,110,90.55799865722656,1739064815.9686468
SFCNN-P,train,111,90.8239974975586,1739065191.5025115
SFCNN-P,train,112,90.98200225830078,1739065567.0456402
SFCNN-P,train,113,91.53199768066406,1739065941.7392943
SFCNN-P,train,114,91.68599700927734,1739066317.5597987
SFCNN-P,train,115,92.00800323486328,1739066692.1940532
SFCNN-P,train,116,92.38200378417967,1739067066.571787
SFCNN-P,train,117,92.46399688720705,1739067441.9899728
SFCNN-P,train,118,92.64600372314452,1739067817.0259335
SFCNN-P,train,119,93.0479965209961,1739068193.4039488
SFCNN-P,train,120,93.52999877929688,1739068567.2946198
SFCNN-P,train,121,93.60199737548828,1739068941.9722528
SFCNN-P,train,122,93.7760009765625,1739069317.7483656
SFCNN-P,train,123,93.98400115966795,1739069694.224089
SFCNN-P,train,124,94.23799896240234,1739070068.595203
SFCNN-P,train,125,94.31600189208984,1739070444.569914
SFCNN-P,train,126,94.60199737548828,1739070819.0142453
SFCNN-P,train,127,94.9260025024414,1739071194.3802035
SFCNN-P,train,128,95.0479965209961,1739071570.1849363
SFCNN-P,train,129,95.31999969482422,1739071946.1088886
SFCNN-P,train,130,95.32599639892578,1739072321.6777956
SFCNN-P,train,131,95.81400299072266,1739072697.771347
SFCNN-P,train,132,95.5260009765625,1739073074.3038514
SFCNN-P,train,133,95.9459991455078,1739073447.9605837
SFCNN-P,train,134,96.10399627685548,1739073824.288733
SFCNN-P,train,135,96.38200378417967,1739074200.268715
SFCNN-P,train,136,96.36599731445312,1739074576.6234813
SFCNN-P,train,137,96.697998046875,1739074953.2354205
SFCNN-P,train,138,96.65799713134766,1739075329.1992688
SFCNN-P,train,139,96.87200164794922,1739075704.6148458
SFCNN-P,train,140,97.03199768066406,1739076080.867003
SFCNN-P,train,141,97.12000274658205,1739076455.0928023
SFCNN-P,train,142,97.13600158691406,1739076830.231425
SFCNN-P,train,143,97.41799926757812,1739077207.263385
SFCNN-P,train,144,97.5719985961914,1739077583.2160635
SFCNN-P,train,145,97.6999969482422,1739077959.9818895
SFCNN-P,train,146,97.69200134277344,1739078336.6402037
SFCNN-P,train,147,97.77999877929688,1739078712.8050196
SFCNN-P,train,148,98.0199966430664,1739079088.9590218
SFCNN-P,train,149,98.12799835205078,1739079465.280419
SFCNN-P,train,150,98.0500030517578,1739079840.9728627
SFCNN-P,train,151,98.29399871826172,1739080216.7664423
SFCNN-P,train,152,98.4540023803711,1739080592.7584014
SFCNN-P,train,153,98.5019989013672,1739080969.674986
SFCNN-P,train,154,98.58799743652344,1739081345.7494595
SFCNN-P,train,155,98.48200225830078,1739081721.4102066
SFCNN-P,train,156,98.75399780273438,1739082097.2806048
SFCNN-P,train,157,98.72599792480467,1739082471.9896872
SFCNN-P,train,158,98.76599884033205,1739082846.871155
SFCNN-P,train,159,98.83599853515624,1739083223.264154
SFCNN-P,train,160,98.93000030517578,1739083600.2414513
SFCNN-P,train,161,99.0459976196289,1739083976.17039
SFCNN-P,train,162,99.0780029296875,1739084351.2274003
SFCNN-P,train,163,99.05799865722656,1739084727.7643683
SFCNN-P,train,164,99.22200012207033,1739085104.611719
SFCNN-P,train,165,99.2760009765625,1739085480.503966
SFCNN-P,train,166,99.27400207519533,1739085855.6109762
SFCNN-P,train,167,99.36799621582033,1739086230.290872
SFCNN-P,train,168,99.4020004272461,1739086606.9911494
SFCNN-P,train,169,99.33799743652344,1739086982.7074034
SFCNN-P,train,170,99.41799926757812,1739087358.4157748
SFCNN-P,train,171,99.40599822998048,1739087733.972762
SFCNN-P,train,172,99.48799896240234,1739088110.2221005
SFCNN-P,train,173,99.56400299072266,1739088486.5354023
SFCNN-P,train,174,99.53600311279295,1739088862.6597216
SFCNN-P,train,175,99.5719985961914,1739089239.3624897
SFCNN-P,train,176,99.59600067138672,1739089616.6483302
SFCNN-P,train,177,99.60800170898438,1739089993.503435
SFCNN-P,train,178,99.63999938964844,1739090369.068827
SFCNN-P,train,179,99.6439971923828,1739090746.133391
SFCNN-P,train,180,99.6999969482422,1739091121.8634777
SFCNN-P,train,181,99.68599700927734,1739091498.624849
SFCNN-P,train,182,99.72599792480467,1739091875.432023
SFCNN-P,train,183,99.76399993896484,1739092251.606767
SFCNN-P,train,184,99.73400115966795,1739092627.6839309
SFCNN-P,train,185,99.78600311279295,1739093004.7474515
SFCNN-P,train,186,99.76799774169922,1739093381.396021
SFCNN-P,train,187,99.78199768066406,1739093758.5626178
SFCNN-P,train,188,99.78399658203124,1739094134.3609908
SFCNN-P,train,189,99.802001953125,1739094515.664976
SFCNN-P,train,190,99.80999755859376,1739094892.5956185
SFCNN-P,train,191,99.81199645996094,1739095270.7131965
SFCNN-P,train,192,99.83599853515624,1739095647.8459845
SFCNN-P,train,193,99.84200286865234,1739096026.5759306
SFCNN-P,train,194,99.80599975585938,1739096403.0265992
SFCNN-P,train,195,99.7979965209961,1739096779.739647
SFCNN-P,train,196,99.81999969482422,1739097157.557993
SFCNN-P,train,197,99.83399963378906,1739097535.9560823
SFCNN-P,train,198,99.81999969482422,1739097911.8713822
SFCNN-P,train,199,99.83200073242188,1739098287.9337504
SFCNN-T,train,0,26.777999877929688,1739014822.4653363
SFCNN-T,train,1,32.68199920654297,1739014947.1971612
SFCNN-T,train,2,35.6619987487793,1739015072.6568325
SFCNN-T,train,3,37.6259994506836,1739015197.9329543
SFCNN-T,train,4,39.09999847412109,1739015323.2540276
SFCNN-T,train,5,40.37200164794922,1739015448.3959973
SFCNN-T,train,6,41.49800109863281,1739015573.6803908
SFCNN-T,train,7,42.402000427246094,1739015698.8465338
SFCNN-T,train,8,42.44200134277344,1739015823.7927816
SFCNN-T,train,9,43.29600143432617,1739015948.239172
SFCNN-T,train,10,44.73400115966797,1739016072.6037283
SFCNN-T,train,11,45.84799957275391,1739016196.5113828
SFCNN-T,train,12,46.448001861572266,1739016320.2407582
SFCNN-T,train,13,47.354000091552734,1739016444.3409948
SFCNN-T,train,14,48.84000015258789,1739016568.533318
SFCNN-T,train,15,49.77999877929688,1739016693.0339594
SFCNN-T,train,16,50.8120002746582,1739016817.2605722
SFCNN-T,train,17,51.91400146484375,1739016941.2830515
SFCNN-T,train,18,52.40599822998047,1739017065.1565795
SFCNN-T,train,19,53.09799957275391,1739017189.4522583
SFCNN-T,train,20,54.33200073242188,1739017314.0961754
SFCNN-T,train,21,55.209999084472656,1739017569.6378033
SFCNN-T,train,22,55.84799957275391,1739017695.7827475
SFCNN-T,train,23,56.7140007019043,1739017821.348069
SFCNN-T,train,24,58.36800003051758,1739017968.6325026
SFCNN-T,train,25,59.40599822998047,1739018306.0540223
SFCNN-T,train,26,60.02999877929688,1739018644.1032977
SFCNN-T,train,27,60.68000030517578,1739018983.8657055
SFCNN-T,train,28,61.94599914550781,1739019324.023828
SFCNN-T,train,29,62.720001220703125,1739019629.9654243
SFCNN-T,train,30,62.86600112915039,1739019958.4732356
SFCNN-T,train,31,63.49599838256836,1739020298.9133968
SFCNN-T,train,32,64.12000274658203,1739020639.4752884
SFCNN-T,train,33,65.01000213623047,1739020982.4089775
SFCNN-T,train,34,65.39399719238281,1739021379.196866
SFCNN-T,train,35,65.83000183105469,1739021729.7774527
SFCNN-T,train,36,66.302001953125,1739022077.0661416
SFCNN-T,train,37,66.91200256347656,1739022418.623865
SFCNN-T,train,38,67.0199966430664,1739022759.8163457
SFCNN-T,train,39,67.55000305175781,1739023144.004418
SFCNN-T,train,40,67.98999786376953,1739023750.1848552
SFCNN-T,train,41,68.22200012207031,1739024351.6380956
SFCNN-T,train,42,68.95800018310547,1739024855.320277
SFCNN-T,train,43,69.05000305175781,1739025193.1673238
SFCNN-T,train,44,70.04199981689453,1739025531.8065429
SFCNN-T,train,45,70.43199920654297,1739025869.4705443
SFCNN-T,train,46,70.75,1739026208.1196651
SFCNN-T,train,47,70.79399871826172,1739026545.6823854
SFCNN-T,train,48,71.23999786376953,1739026883.866044
SFCNN-T,train,49,71.63400268554688,1739027221.9038866
SFCNN-T,train,50,72.40399932861328,1739027559.118093
SFCNN-T,train,51,72.55599975585938,1739027896.7743182
SFCNN-T,train,52,72.7760009765625,1739028233.4675562
SFCNN-T,train,53,72.74800109863281,1739028571.597597
SFCNN-T,train,54,73.49199676513672,1739028908.5026238
SFCNN-T,train,55,74.00800323486328,1739029245.924278
SFCNN-T,train,56,74.4800033569336,1739029583.607685
SFCNN-T,train,57,74.5780029296875,1739029920.3453646
SFCNN-T,train,58,74.76200103759766,1739030256.9077485
SFCNN-T,train,59,75.4260025024414,1739030593.9823437
SFCNN-T,train,60,75.71399688720703,1739030931.4626863
SFCNN-T,train,61,75.80000305175781,1739031269.6202726
SFCNN-T,train,62,75.8219985961914,1739031607.577328
SFCNN-T,train,63,76.18800354003906,1739031944.116435
SFCNN-T,train,64,76.94200134277344,1739032278.9496148
SFCNN-T,train,65,77.697998046875,1739032614.336285
SFCNN-T,train,66,77.54199981689453,1739032949.807618
SFCNN-T,train,67,77.72799682617188,1739033285.946435
SFCNN-T,train,68,77.97599792480469,1739033622.3815637
SFCNN-T,train,69,78.3479995727539,1739033958.278356
SFCNN-T,train,70,78.84200286865234,1739034294.2828934
SFCNN-T,train,71,79.15399932861328,1739034631.9007328
SFCNN-T,train,72,79.2020034790039,1739034969.419067
SFCNN-T,train,73,79.95800018310547,1739035308.170548
SFCNN-T,train,74,79.74400329589844,1739035648.1435282
SFCNN-T,train,75,79.77999877929688,1739035993.1461082
SFCNN-T,train,76,80.56400299072266,1739036338.8298116
SFCNN-T,train,77,80.76200103759766,1739036685.853296
SFCNN-T,train,78,81.30400085449219,1739037030.2771747
SFCNN-T,train,79,81.26399993896484,1739037374.158378
SFCNN-T,train,80,81.27200317382812,1739037717.717376
SFCNN-T,train,81,81.85600280761719,1739038058.7726085
SFCNN-T,train,82,82.04000091552734,1739038393.9648466
SFCNN-T,train,83,82.5479965209961,1739038729.7443478
SFCNN-T,train,84,82.48200225830078,1739038957.2725568
SFCNN-T,train,85,82.71800231933594,1739039081.504733
SFCNN-T,train,86,82.86399841308594,1739039205.7825804
SFCNN-T,train,87,83.2040023803711,1739039329.761326
SFCNN-T,train,88,83.54399871826172,1739039453.7090204
SFCNN-T,train,89,83.84600067138672,1739039577.906167
SFCNN-T,train,90,84.0459976196289,1739039702.9402492
SFCNN-T,train,91,84.44999694824219,1739039828.130421
SFCNN-T,train,92,84.19999694824219,1739039953.4425948
SFCNN-T,train,93,84.552001953125,1739040078.948006
SFCNN-T,train,94,84.96399688720703,1739040204.5308435
SFCNN-T,train,95,85.26599884033203,1739040330.0161626
SFCNN-T,train,96,85.36399841308594,1739040455.557938
SFCNN-T,train,97,85.7699966430664,1739040581.9829688
SFCNN-T,train,98,85.94999694824219,1739040707.8529966
SFCNN-T,train,99,85.9000015258789,1739040833.5540235
SFCNN-T,train,100,86.31199645996094,1739040959.7309277
SFCNN-T,train,101,86.61399841308594,1739041085.7200203
SFCNN-T,train,102,86.82599639892578,1739041210.8493457
SFCNN-T,train,103,86.73799896240234,1739041336.0398123
SFCNN-T,train,104,87.07599639892578,1739041461.8132944
SFCNN-T,train,105,87.447998046875,1739041589.132449
SFCNN-T,train,106,87.5199966430664,1739041717.2465658
SFCNN-T,train,107,87.80999755859375,1739041845.5235412
SFCNN-T,train,108,87.95999908447266,1739041974.4023058
SFCNN-T,train,109,88.2300033569336,1739042101.9502492
SFCNN-T,train,110,88.56600189208984,1739042229.0707655
SFCNN-T,train,111,88.70800018310547,1739042355.288339
SFCNN-T,train,112,88.90399932861328,1739042481.57567
SFCNN-T,train,113,89.19999694824219,1739042607.632356
SFCNN-T,train,114,89.43199920654297,1739042740.8298934
SFCNN-T,train,115,89.62200164794922,1739042866.788363
SFCNN-T,train,116,89.77200317382812,1739042992.6853025
SFCNN-T,train,117,90.10800170898438,1739043118.1238136
SFCNN-T,train,118,90.4260025024414,1739043243.242574
SFCNN-T,train,119,90.41000366210938,1739043368.4950504
SFCNN-T,train,120,90.45999908447266,1739043493.6382468
SFCNN-T,train,121,90.79000091552734,1739043619.007794
SFCNN-T,train,122,90.89199829101562,1739043744.1870143
SFCNN-T,train,123,91.08599853515624,1739043869.2761946
SFCNN-T,train,124,91.45999908447266,1739043994.4466045
SFCNN-T,train,125,91.50399780273438,1739044119.5883348
SFCNN-T,train,126,91.92400360107422,1739044244.9455929
SFCNN-T,train,127,91.8479995727539,1739044370.441977
SFCNN-T,train,128,92.22000122070312,1739044495.8269382
SFCNN-T,train,129,92.47200012207033,1739044620.9978638
SFCNN-T,train,130,92.5739974975586,1739044746.0791333
SFCNN-T,train,131,92.99199676513672,1739044871.161656
SFCNN-T,train,132,92.9540023803711,1739044996.274068
SFCNN-T,train,133,93.1240005493164,1739045121.7811973
SFCNN-T,train,134,93.3479995727539,1739045247.4471023
SFCNN-T,train,135,93.56199645996094,1739045373.0240617
SFCNN-T,train,136,93.6999969482422,1739045498.9609413
SFCNN-T,train,137,93.91000366210938,1739045625.5751991
SFCNN-T,train,138,94.12999725341795,1739045751.7778037
SFCNN-T,train,139,94.29000091552734,1739045876.9225216
SFCNN-T,train,140,94.447998046875,1739046000.7508705
SFCNN-T,train,141,94.7480010986328,1739046124.2867053
SFCNN-T,train,142,94.8000030517578,1739046248.0932946
SFCNN-T,train,143,94.86799621582033,1739046372.022971
SFCNN-T,train,144,95.22799682617188,1739046496.1084962
SFCNN-T,train,145,95.34600067138672,1739046621.5247722
SFCNN-T,train,146,95.25,1739046747.0810668
SFCNN-T,train,147,95.65399932861328,1739046873.091016
SFCNN-T,train,148,95.71800231933594,1739046998.7023325
SFCNN-T,train,149,95.86799621582033,1739047124.4497778
SFCNN-T,train,150,95.97200012207033,1739047250.270672
SFCNN-T,train,151,96.23600006103516,1739047376.1546092
SFCNN-T,train,152,96.29000091552734,1739047501.686097
SFCNN-T,train,153,96.44400024414062,1739047627.3687222
SFCNN-T,train,154,96.61799621582033,1739047752.1860735
SFCNN-T,train,155,96.56600189208984,1739047876.8470016
SFCNN-T,train,156,96.80999755859376,1739048001.342826
SFCNN-T,train,157,96.7480010986328,1739048126.8638124
SFCNN-T,train,158,97.10199737548828,1739048252.3842204
SFCNN-T,train,159,97.02200317382812,1739048377.8447194
SFCNN-T,train,160,97.13600158691406,1739048502.8795612
SFCNN-T,train,161,97.2300033569336,1739048628.376514
SFCNN-T,train,162,97.42400360107422,1739048753.460085
SFCNN-T,train,163,97.46199798583984,1739048878.4072917
SFCNN-T,train,164,97.61399841308594,1739049003.3973832
SFCNN-T,train,165,97.63600158691406,1739049128.7697804
SFCNN-T,train,166,97.66400146484376,1739049254.3039713
SFCNN-T,train,167,97.86599731445312,1739049379.0310674
SFCNN-T,train,168,97.8759994506836,1739049503.0647469
SFCNN-T,train,169,97.90599822998048,1739049627.2072854
SFCNN-T,train,170,98.01000213623048,1739049752.4918816
SFCNN-T,train,171,98.13800048828124,1739049876.6458642
SFCNN-T,train,172,98.18399810791016,1739050000.3812234
SFCNN-T,train,173,98.39199829101562,1739050125.0859988
SFCNN-T,train,174,98.23600006103516,1739050250.5198483
SFCNN-T,train,175,98.3219985961914,1739050375.8188918
SFCNN-T,train,176,98.32599639892578,1739050501.011306
SFCNN-T,train,177,98.43399810791016,1739050626.154995
SFCNN-T,train,178,98.44400024414062,1739050751.108046
SFCNN-T,train,179,98.5540008544922,1739050876.032391
SFCNN-T,train,180,98.66000366210938,1739051001.1298585
SFCNN-T,train,181,98.45600128173828,1739051126.3767114
SFCNN-T,train,182,98.59400177001952,1739051251.6438751
SFCNN-T,train,183,98.66000366210938,1739051376.8681364
SFCNN-T,train,184,98.5999984741211,1739051502.1951072
SFCNN-T,train,185,98.75399780273438,1739051627.351622
SFCNN-T,train,186,98.75,1739051752.048767
SFCNN-T,train,187,98.73799896240234,1739051876.414863
SFCNN-T,train,188,98.78399658203124,1739052000.5012195
SFCNN-T,train,189,98.85199737548828,1739052124.4361155
SFCNN-T,train,190,98.8939971923828,1739052248.698773
SFCNN-T,train,191,98.88999938964844,1739052372.6542742
SFCNN-T,train,192,98.96399688720705,1739052497.2708476
SFCNN-T,train,193,98.85199737548828,1739052622.0124855
SFCNN-T,train,194,98.88999938964844,1739052746.92315
SFCNN-T,train,195,98.88600158691406,1739052871.8307178
SFCNN-T,train,196,98.97000122070312,1739052997.0009053
SFCNN-T,train,197,99.0,1739053122.7549896
SFCNN-T,train,198,98.83399963378906,1739053248.442962
SFCNN-T,train,199,98.88600158691406,1739053374.434343
SFCNN-T_no_exp,train,0,26.670000076293945,1739018023.7317066
SFCNN-T_no_exp,train,1,33.24399948120117,1739018118.73534
SFCNN-T_no_exp,train,2,35.39400100708008,1739018213.6541936
SFCNN-T_no_exp,train,3,36.79399871826172,1739018308.5520644
SFCNN-T_no_exp,train,4,38.52000045776367,1739018403.1443973
SFCNN-T_no_exp,train,5,39.40399932861328,1739018498.5955682
SFCNN-T_no_exp,train,6,40.54999923706055,1739018594.607389
SFCNN-T_no_exp,train,7,41.79399871826172,1739018690.3585837
SFCNN-T_no_exp,train,8,42.83000183105469,1739018786.4378967
SFCNN-T_no_exp,train,9,43.68600082397461,1739018882.6621246
SFCNN-T_no_exp,train,10,44.79999923706055,1739018978.6710894
SFCNN-T_no_exp,train,11,45.709999084472656,1739019074.2983053
SFCNN-T_no_exp,train,12,47.262001037597656,1739019170.8232372
SFCNN-T_no_exp,train,13,47.99599838256836,1739019267.2038288
SFCNN-T_no_exp,train,0,26.76799964904785,1739019451.070048
SFCNN-T_no_exp,train,1,32.34199905395508,1739019548.2602775
SFCNN-T_no_exp,train,2,35.41999816894531,1739019644.284362
SFCNN-T_no_exp,train,3,37.30199813842773,1739019739.9561288
SFCNN-T_no_exp,train,4,38.85599899291992,1739019837.0728855
SFCNN-T_no_exp,train,5,39.25199890136719,1739019940.7754233
SFCNN-T_no_exp,train,6,40.34199905395508,1739020036.6831555
SFCNN-T_no_exp,train,7,41.18999862670898,1739020133.2659855
SFCNN-T_no_exp,train,8,41.72999954223633,1739020229.258917
SFCNN-T_no_exp,train,9,43.00400161743164,1739020324.3213336
SFCNN-T_no_exp,train,10,44.09000015258789,1739020420.23496
SFCNN-T_no_exp,train,11,45.26599884033203,1739020517.26958
SFCNN-T_no_exp,train,12,46.11199951171875,1739020614.3952703
SFCNN-T_no_exp,train,13,47.52399826049805,1739020710.7840276
SFCNN-T_no_exp,train,14,48.45199966430664,1739020807.84812
SFCNN-T_no_exp,train,15,49.198001861572266,1739020904.5414546
SFCNN-T_no_exp,train,16,49.86000061035156,1739021001.4501412
SFCNN-T_no_exp,train,17,51.05199813842773,1739021098.6692832
SFCNN-T_no_exp,train,18,51.5359992980957,1739021221.0448186
SFCNN-T_no_exp,train,19,52.5099983215332,1739021327.259845
SFCNN-T_no_exp,train,20,53.38199996948242,1739021424.8561544
SFCNN-T_no_exp,train,21,54.60599899291992,1739021522.4515092
SFCNN-T_no_exp,train,22,55.220001220703125,1739021620.288831
SFCNN-T_no_exp,train,23,56.25,1739021722.9371345
SFCNN-T_no_exp,train,24,56.72999954223633,1739021821.999362
SFCNN-T_no_exp,train,25,57.48799896240234,1739021919.1191757
SFCNN-T_no_exp,train,26,58.72200012207031,1739022015.843063
SFCNN-T_no_exp,train,27,59.23400115966797,1739022112.1186464
SFCNN-T_no_exp,train,28,60.02000045776367,1739022207.9726152
SFCNN-T_no_exp,train,29,60.305999755859375,1739022303.723508
SFCNN-T_no_exp,train,30,61.53400039672852,1739022399.5697176
SFCNN-T_no_exp,train,31,61.92599868774414,1739022494.8317137
SFCNN-T_no_exp,train,32,62.4379997253418,1739022590.4541588
SFCNN-T_no_exp,train,33,63.42599868774414,1739022686.0396764
SFCNN-T_no_exp,train,34,63.88999938964844,1739022781.6815026
SFCNN-T_no_exp,train,35,64.72599792480469,1739022876.6612277
SFCNN-T_no_exp,train,36,64.62999725341797,1739022970.3223994
SFCNN-T_no_exp,train,37,65.47200012207031,1739023081.245409
SFCNN-T_no_exp,train,38,66.05000305175781,1739023217.946152
SFCNN-T_no_exp,train,39,66.28600311279297,1739023353.5222237
SFCNN-T_no_exp,train,40,66.51000213623047,1739023490.1277068
SFCNN-T_no_exp,train,41,67.58000183105469,1739023623.7131505
SFCNN-T_no_exp,train,42,67.76799774169922,1739023758.598065
SFCNN-T_no_exp,train,43,68.38999938964844,1739023893.297321
SFCNN-T_no_exp,train,44,68.43800354003906,1739024026.947327
SFCNN-T_no_exp,train,45,68.66400146484375,1739024159.7048607
SFCNN-T_no_exp,train,46,69.7959976196289,1739024293.861208
SFCNN-T_no_exp,train,47,69.8280029296875,1739024428.8352897
SFCNN-T_no_exp,train,48,70.302001953125,1739024564.5543556
SFCNN-T_no_exp,train,49,69.88400268554688,1739024702.5648763
SFCNN-T_no_exp,train,50,71.03199768066406,1739024799.5798397
SFCNN-T_no_exp,train,51,71.22799682617188,1739024893.9276452
SFCNN-T_no_exp,train,52,71.6500015258789,1739024988.563665
SFCNN-T_no_exp,train,53,72.1240005493164,1739025083.3339033
SFCNN-T_no_exp,train,54,71.9800033569336,1739025178.0213437
SFCNN-T_no_exp,train,55,72.43199920654297,1739025272.597701
SFCNN-T_no_exp,train,56,73.04000091552734,1739025367.3992648
SFCNN-T_no_exp,train,57,73.77400207519531,1739025461.963256
SFCNN-T_no_exp,train,58,73.66999816894531,1739025555.9658723
SFCNN-T_no_exp,train,59,74.15599822998047,1739025650.3131733
SFCNN-T_no_exp,train,60,73.86000061035156,1739025744.7950342
SFCNN-T_no_exp,train,61,74.74199676513672,1739025839.5819364
SFCNN-T_no_exp,train,62,75.23200225830078,1739025933.6963904
SFCNN-T_no_exp,train,63,75.53800201416016,1739026028.3532832
SFCNN-T_no_exp,train,64,75.62999725341797,1739026122.886734
SFCNN-T_no_exp,train,65,75.9260025024414,1739026217.2051427
SFCNN-T_no_exp,train,66,76.35600280761719,1739026311.452978
SFCNN-T_no_exp,train,67,76.76399993896484,1739026406.40676
SFCNN-T_no_exp,train,68,76.83000183105469,1739026501.992185
SFCNN-T_no_exp,train,69,76.7699966430664,1739026596.3327715
SFCNN-T_no_exp,train,70,77.45600128173828,1739026690.9514303
SFCNN-T_no_exp,train,71,77.76799774169922,1739026785.5322106
SFCNN-T_no_exp,train,72,77.91400146484375,1739026880.083113
SFCNN-T_no_exp,train,73,78.56199645996094,1739026974.1292562
SFCNN-T_no_exp,train,74,78.5739974975586,1739027068.51197
SFCNN-T_no_exp,train,75,78.53600311279297,1739027162.805703
SFCNN-T_no_exp,train,76,79.1500015258789,1739027256.8984232
SFCNN-T_no_exp,train,77,79.69400024414062,1739027351.438234
SFCNN-T_no_exp,train,78,79.66999816894531,1739027445.7590249
SFCNN-T_no_exp,train,79,79.89600372314453,1739027540.2794738
SFCNN-T_no_exp,train,80,80.00399780273438,1739027634.0797849
SFCNN-T_no_exp,train,81,80.36199951171875,1739027728.3583715
SFCNN-T_no_exp,train,82,80.97000122070312,1739027822.6272478
SFCNN-T_no_exp,train,83,81.06800079345703,1739027916.9735522
SFCNN-T_no_exp,train,84,81.1500015258789,1739028011.061521
SFCNN-T_no_exp,train,85,81.48799896240234,1739028105.1738646
SFCNN-T_no_exp,train,86,81.80400085449219,1739028199.3943677
SFCNN-T_no_exp,train,87,82.10600280761719,1739028293.2503774
SFCNN-T_no_exp,train,88,82.31600189208984,1739028387.6263516
SFCNN-T_no_exp,train,89,82.80799865722656,1739028481.7972856
SFCNN-T_no_exp,train,90,82.54199981689453,1739028575.7082684
SFCNN-T_no_exp,train,91,83.24199676513672,1739028669.7944343
SFCNN-T_no_exp,train,92,83.45999908447266,1739028764.0765996
SFCNN-T_no_exp,train,93,83.83399963378906,1739028858.975276
SFCNN-T_no_exp,train,94,83.97799682617188,1739028952.785641
SFCNN-T_no_exp,train,95,84.23400115966797,1739029047.0132377
SFCNN-T_no_exp,train,96,84.64399719238281,1739029141.2711987
SFCNN-T_no_exp,train,97,84.61000061035156,1739029235.4148612
SFCNN-T_no_exp,train,98,85.12999725341797,1739029329.0642047
SFCNN-T_no_exp,train,99,85.26000213623047,1739029423.0567544
SFCNN-T_no_exp,train,100,85.76000213623047,1739029517.0248656
SFCNN-T_no_exp,train,101,85.65799713134766,1739029610.5830777
SFCNN-T_no_exp,train,102,86.26799774169922,1739029704.4156802
SFCNN-T_no_exp,train,103,86.77400207519531,1739029798.340562
SFCNN-T_no_exp,train,104,86.8479995727539,1739029892.16966
SFCNN-T_no_exp,train,105,87.35600280761719,1739029985.6969347
SFCNN-T_no_exp,train,106,87.34200286865234,1739030079.841077
SFCNN-T_no_exp,train,107,87.73200225830078,1739030173.8870726
SFCNN-T_no_exp,train,108,87.947998046875,1739030267.796182
SFCNN-T_no_exp,train,109,88.17400360107422,1739030361.6307929
SFCNN-T_no_exp,train,110,88.81999969482422,1739030455.5685763
SFCNN-T_no_exp,train,111,89.0199966430664,1739030549.5593708
SFCNN-T_no_exp,train,112,89.22599792480469,1739030643.2789466
SFCNN-T_no_exp,train,113,89.53199768066406,1739030737.2663054
SFCNN-T_no_exp,train,114,89.95600128173828,1739030831.5909104
SFCNN-T_no_exp,train,115,90.0199966430664,1739030926.946284
SFCNN-T_no_exp,train,116,90.33399963378906,1739031021.2233868
SFCNN-T_no_exp,train,117,90.5739974975586,1739031115.6823666
SFCNN-T_no_exp,train,118,90.69000244140624,1739031210.3115177
SFCNN-T_no_exp,train,119,91.20999908447266,1739031304.394678
SFCNN-T_no_exp,train,120,91.58999633789062,1739031398.9471602
SFCNN-T_no_exp,train,121,91.77200317382812,1739031493.4027598
SFCNN-T_no_exp,train,122,92.2760009765625,1739031587.917841
SFCNN-T_no_exp,train,123,92.0479965209961,1739031687.6691313
SFCNN-T_no_exp,train,124,92.6959991455078,1739031783.9368677
SFCNN-T_no_exp,train,125,92.55799865722656,1739031877.3607888
SFCNN-T_no_exp,train,126,93.10399627685548,1739031970.1175165
SFCNN-T_no_exp,train,127,93.1240005493164,1739032063.2542396
SFCNN-T_no_exp,train,128,93.60800170898438,1739032156.4045851
SFCNN-T_no_exp,train,129,93.83599853515624,1739032249.6735947
SFCNN-T_no_exp,train,130,94.03800201416016,1739032341.074277
SFCNN-T_no_exp,train,131,94.33799743652344,1739032434.3154955
SFCNN-T_no_exp,train,132,94.5260009765625,1739032527.5702546
SFCNN-T_no_exp,train,133,94.78199768066406,1739032621.2945783
SFCNN-T_no_exp,train,134,94.8239974975586,1739032714.5515332
SFCNN-T_no_exp,train,135,95.08000183105467,1739032807.8646026
SFCNN-T_no_exp,train,136,95.41400146484376,1739032901.248758
SFCNN-T_no_exp,train,137,95.59600067138672,1739032994.2993855
SFCNN-T_no_exp,train,138,95.63600158691406,1739033087.8582025
SFCNN-T_no_exp,train,139,95.96600341796876,1739033181.9296825
SFCNN-T_no_exp,train,140,95.91400146484376,1739033275.7587304
SFCNN-T_no_exp,train,141,96.31999969482422,1739033368.459519
SFCNN-T_no_exp,train,142,96.24400329589844,1739033462.5323648
SFCNN-T_no_exp,train,143,96.552001953125,1739033556.4095602
SFCNN-T_no_exp,train,144,96.68599700927734,1739033649.3858266
SFCNN-T_no_exp,train,145,96.93599700927734,1739033743.1820886
SFCNN-T_no_exp,train,146,96.78600311279295,1739033837.4966304
SFCNN-T_no_exp,train,147,97.2020034790039,1739033931.093001
SFCNN-T_no_exp,train,148,97.2020034790039,1739034023.7422905
SFCNN-T_no_exp,train,149,97.4020004272461,1739034116.9170623
SFCNN-T_no_exp,train,150,97.42400360107422,1739034210.372471
SFCNN-T_no_exp,train,151,97.72000122070312,1739034304.0793023
SFCNN-T_no_exp,train,152,97.64199829101562,1739034397.6814978
SFCNN-T_no_exp,train,153,97.99400329589844,1739034491.5317929
SFCNN-T_no_exp,train,154,97.89800262451172,1739034585.565699
SFCNN-T_no_exp,train,155,98.05599975585938,1739034679.362286
SFCNN-T_no_exp,train,156,98.1060028076172,1739034773.5453317
SFCNN-T_no_exp,train,157,98.2979965209961,1739034868.208504
SFCNN-T_no_exp,train,158,98.26000213623048,1739034962.7632368
SFCNN-T_no_exp,train,159,98.2760009765625,1739035055.8047335
SFCNN-T_no_exp,train,160,98.58399963378906,1739035150.000378
SFCNN-T_no_exp,train,161,98.62000274658205,1739035244.80971
SFCNN-T_no_exp,train,162,98.63200378417967,1739035338.9401114
SFCNN-T_no_exp,train,163,98.74199676513672,1739035433.4653254
SFCNN-T_no_exp,train,164,98.84600067138672,1739035529.0260837
SFCNN-T_no_exp,train,165,98.8239974975586,1739035625.2798514
SFCNN-T_no_exp,train,166,98.91600036621094,1739035720.9449306
SFCNN-T_no_exp,train,167,98.947998046875,1739035817.6444888
SFCNN-T_no_exp,train,168,99.00599670410156,1739035915.2543652
SFCNN-T_no_exp,train,169,99.0780029296875,1739036012.6232245
SFCNN-T_no_exp,train,170,99.06999969482422,1739036109.8608985
SFCNN-T_no_exp,train,171,99.16200256347656,1739036207.2949967
SFCNN-T_no_exp,train,172,99.1780014038086,1739036304.9437351
SFCNN-T_no_exp,train,173,99.24600219726562,1739036401.908535
SFCNN-T_no_exp,train,174,99.21399688720705,1739036499.7765408
SFCNN-T_no_exp,train,175,99.31400299072266,1739036597.9124153
SFCNN-T_no_exp,train,176,99.29000091552734,1739036696.076526
SFCNN-T_no_exp,train,177,99.3280029296875,1739036794.1319358
SFCNN-T_no_exp,train,178,99.32599639892578,1739036890.94334
SFCNN-T_no_exp,train,179,99.36399841308594,1739036987.369308
SFCNN-T_no_exp,train,180,99.4540023803711,1739037083.8438685
SFCNN-T_no_exp,train,181,99.41200256347656,1739037180.7988632
SFCNN-T_no_exp,train,182,99.5260009765625,1739037277.311893
SFCNN-T_no_exp,train,183,99.50599670410156,1739037373.861928
SFCNN-T_no_exp,train,184,99.47000122070312,1739037470.07393
SFCNN-T_no_exp,train,185,99.58000183105467,1739037566.781181
SFCNN-T_no_exp,train,186,99.54000091552734,1739037662.9126625
SFCNN-T_no_exp,train,187,99.58000183105467,1739037758.714523
SFCNN-T_no_exp,train,188,99.56199645996094,1739037854.703831
SFCNN-T_no_exp,train,189,99.59600067138672,1739037950.1962595
SFCNN-T_no_exp,train,190,99.63400268554688,1739038045.6366167
SFCNN-T_no_exp,train,191,99.62200164794922,1739038139.075099
SFCNN-T_no_exp,train,192,99.6060028076172,1739038232.489756
SFCNN-T_no_exp,train,193,99.63999938964844,1739038326.4827392
SFCNN-T_no_exp,train,194,99.6520004272461,1739038419.5318477
SFCNN-T_no_exp,train,195,99.63200378417967,1739038513.2794232
SFCNN-T_no_exp,train,196,99.62799835205078,1739038607.008113
SFCNN-T_no_exp,train,197,99.65399932861328,1739038700.5997438
SFCNN-T_no_exp,train,198,99.61000061035156,1739038794.2595892
SFCNN-T_no_exp,train,199,99.67400360107422,1739038888.3435771
